"iso3c","date","country","region","income_level","goal","ind_quality","availability","gii","sigi","iso2c","IQ.SPI.OVRL","IQ.SPI.PIL3","GE.EST","HD.HCI.OVRL","NY.GDP.PCAP.KD","NY.GDP.PCAP.PP.CD","SG.LAW.INDX","SP.POP.TOTL","outcome","value"
"ABW",2020,"Aruba","Latin America & Caribbean","High income","Combined",0.022,2.1999999999999997,NA,NA,"AW",NA,17.075,1.1213675737381,NA,25823.634823564,34971.0099128273,NA,106585,NA,2.1999999999999997
"AFG",2020,"Afghanistan","South Asia","Low income","Combined",0.333,33.300000000000004,0.678,52.8,"AF",49.75625,68.30625,-1.58514487743378,0.400284141302109,553.036478884366,2076.13838003855,38.125,38972230,49.75625,33.300000000000004
"AGO",2020,"Angola","Sub-Saharan Africa","Lower middle income","Combined",0.311,31.1,0.537,NA,"AO",54.9458333333333,68.5625,-1.20352840423584,0.362405389547348,2347.78703247628,6362.63607638387,73.125,33428486,54.9458333333333,31.1
"ALB",2020,"Albania","Europe & Central Asia","Upper middle income","Combined",0.533,53.300000000000004,0.144,22.6,"AL",75.3829166666667,72.70625,-0.124956652522087,0.634250938892365,4410.4551652317105,13759.5424343063,91.25,2837849,75.3829166666667,53.300000000000004
"AND",2020,"Andorra","Europe & Central Asia","High income","Combined",0.089,8.9,NA,NA,"AD",NA,26.7875,1.81611633300781,NA,34394.2775534697,NA,NA,77700,NA,8.9
"ARE",2020,"United Arab Emirates","Middle East & North Africa","High income","Combined",0.244,24.4,0.049,NA,"AE",59.6691666666667,42.2375,1.3169686794281,0.673011898994446,41276.0555102387,71374.1810463077,82.5,9287289,59.6691666666667,24.4
"ARG",2020,"Argentina","Latin America & Caribbean","Upper middle income","Combined",0.422,42.199999999999996,0.287,NA,"AR",64.5958333333333,79.5875,-0.224287480115891,0.602144718170166,11341.2683655863,20763.2885528852,76.25,45376763,64.5958333333333,42.199999999999996
"ARM",2020,"Armenia","Europe & Central Asia","Upper middle income","Combined",0.511,51.1,0.216,27.8,"AM",82.2266666666667,81.225,-0.274477034807205,0.578998804092407,4256.13129015707,14089.2393754604,85,2805608,82.2266666666667,51.1
"ASM",2020,"American Samoa","East Asia & Pacific","Upper middle income","Combined",0.044,4.3999999999999995,NA,NA,"AS",NA,19.85,0.689502596855164,NA,14303.6270325756,NA,NA,46189,NA,4.3999999999999995
"ATG",2020,"Antigua and Barbuda","Latin America & Caribbean","High income","Combined",0.133,13.3,NA,NA,"AG",NA,46.44375,-0.155457809567451,0.595703899860382,14040.3675461654,19276.5688116667,66.25,92664,NA,13.3
"AUS",2020,"Australia","East Asia & Pacific","High income","Combined",0.378,37.8,0.073,16.1,"AU",88.2416666666667,74.075,1.61007499694824,0.770239531993866,58117.4520268812,53358.2080781655,96.875,25655289,88.2416666666667,37.8
"AUT",2020,"Austria","Europe & Central Asia","High income","Combined",0.356,35.6,0.053,11.7,"AT",89.12,74.55,1.64590120315552,0.746739745140076,43455.7000665738,55685.9702933361,96.875,8916864,89.12,35.6
"AZE",2020,"Azerbaijan","Europe & Central Asia","Upper middle income","Combined",0.356,35.6,0.294,28.7,"AZ",68.14125,60.98125,-0.116941824555397,0.577767550945282,5083.3816401988,14478.5244519377,78.75,10093121,68.14125,35.6
"BDI",2020,"Burundi","Sub-Saharan Africa","Low income","Combined",0.444,44.4,0.505,NA,"BI",50.9133333333333,68.9,-1.28126287460327,0.386170625686646,263.360994217959,750.313062148695,73.125,12220227,50.9133333333333,44.4
"BEL",2020,"Belgium","Europe & Central Asia","High income","Combined",0.311,31.1,0.048,11.2,"BE",82.415,62.225,1.11614394187927,0.76041966676712,40612.3924560653,53096.1414224062,100,11538604,82.415,31.1
"BEN",2020,"Benin","Sub-Saharan Africa","Lower middle income","Combined",0.422,42.199999999999996,0.602,39.8,"BJ",48.04625,57.28125,-0.260536432266235,0.400290727615356,1164.70594618082,3360.98741640516,77.5,12643123,48.04625,42.199999999999996
"BFA",2020,"Burkina Faso","Sub-Saharan Africa","Low income","Combined",0.378,37.8,0.621,32.4,"BF",53.6233333333333,62.025,-0.675997257232666,0.383691936731339,710.471352680813,2208.39822946104,82.5,21522626,53.6233333333333,37.8
"BGD",2020,"Bangladesh","South Asia","Lower middle income","Combined",0.422,42.199999999999996,0.53,54.8,"BD",58.07,68.975,-0.755047261714935,0.46403643488884,1593.3483212523,5897.58894780473,49.375,167420951,58.07,42.199999999999996
"BGR",2020,"Bulgaria","Europe & Central Asia","Upper middle income","Combined",0.333,33.300000000000004,0.21,23.4,"BG",82.3233333333334,60.675,-0.182731494307518,0.613898158073425,7956.46908962689,24799.074537596,90.625,6934015,82.3233333333334,33.300000000000004
"BHR",2020,"Bahrain","Middle East & North Africa","High income","Combined",0.2,20,0.181,NA,"BH",54.4666666666667,41.6,0.42190483212471,0.652472019195557,22510.4040791872,50468.2538003506,55.625,1477469,54.4666666666667,20
"BHS",2020,"Bahamas, The","Latin America & Caribbean","High income","Combined",0.133,13.3,NA,NA,"BS",50.1241666666667,35.8375,0.445276260375977,NA,23566.5753253459,28119.2472345762,81.25,406471,50.1241666666667,13.3
"BIH",2020,"Bosnia and Herzegovina","Europe & Central Asia","Upper middle income","Combined",0.356,35.6,0.136,21.8,"BA",61.2375,58.1375,-1.0434535741806,0.57968407869339,5373.16875734591,15336.9107044169,85,3318407,61.2375,35.6
"BLR",2020,"Belarus","Europe & Central Asia","Upper middle income","Combined",0.444,44.4,0.104,20.6,"BY",77.1345833333334,67.88125,-0.798498213291168,0.700078189373016,6247.43190947199,20278.4739462373,75.625,9379952,77.1345833333334,44.4
"BLZ",2020,"Belize","Latin America & Caribbean","Upper middle income","Combined",0.356,35.6,0.364,NA,"BZ",58.7554166666667,55.76875,-0.568718016147614,NA,5040.12252132539,8124.9839324682,79.375,394921,58.7554166666667,35.6
"BMU",2020,"Bermuda","North America","High income","Combined",0.067,6.7,NA,NA,"BM",NA,16.73125,1.53446292877197,NA,99745.2416064214,80286.4420905247,NA,63893,NA,6.7
"BOL",2020,"Bolivia","Latin America & Caribbean","Lower middle income","Combined",0.422,42.199999999999996,NA,NA,"BO",62.65625,70.38125,-0.702078521251678,NA,2920.19744316688,8100.52934584379,88.75,11936162,62.65625,42.199999999999996
"BRA",2020,"Brazil","Latin America & Caribbean","Upper middle income","Combined",0.4,40,0.39,21.2,"BR",76.75375,73.09375,-0.4376100897789,0.551497936248779,8204.20272600881,14789.8785635061,85,213196304,76.75375,40
"BRB",2020,"Barbados","Latin America & Caribbean","High income","Combined",0.289,28.9,0.268,NA,"BB",NA,50.8375,0.482354998588562,NA,14855.6898587069,14561.8592495757,80,280693,NA,28.9
"BRN",2020,"Brunei Darussalam","East Asia & Pacific","High income","Combined",0.289,28.9,0.259,NA,"BN",NA,40.71875,1.42967927455902,0.626391351222992,30402.0870578242,64977.3063057703,53.125,441725,NA,28.9
"BTN",2020,"Bhutan","South Asia","Lower middle income","Combined",0.2,20,0.415,NA,"BT",51.99125,67.78125,0.445312023162842,0.475297033786774,2878.43770450338,11124.6671314508,71.875,772506,51.99125,20
"BWA",2020,"Botswana","Sub-Saharan Africa","Upper middle income","Combined",0.2,20,0.468,NA,"BW",57.3491666666667,65.3875,0.199554353952408,0.414028495550156,5810.94830990799,14287.5105895124,63.75,2546402,57.3491666666667,20
"CAF",2020,"Central African Republic","Sub-Saharan Africa","Low income","Combined",0.311,31.1,0.672,43.4,"CF",NA,49.2,-1.7047803401947,0.291631907224655,375.216922803966,894.193373089326,76.875,5343020,NA,31.1
"CAN",2020,"Canada","North America","High income","Combined",0.267,26.700000000000003,0.069,18.3,"CA",87.4658333333333,60.0125,1.63518702983856,0.797520101070404,42258.6910170917,46572.1374328364,100,38037204,87.4658333333333,26.700000000000003
"CHE",2020,"Switzerland","Europe & Central Asia","High income","Combined",0.378,37.8,0.018,8.1,"CH",87.015,76.55,2.01025295257568,0.756115138530731,84434.7784901292,71731.9605757354,85.625,8638167,87.015,37.8
"CHL",2020,"Chile","Latin America & Caribbean","High income","Combined",0.444,44.4,0.187,36.1,"CL",82.4370833333333,80.69375,0.737568378448486,0.651604175567627,12767.3039138968,24849.7066432396,80,19300315,82.4370833333333,44.4
"CHN",2020,"China","East Asia & Pacific","Upper middle income","Combined",0.156,15.6,0.192,NA,"CN",58.2183333333333,59.675,0.67731511592865,0.65310263633728,10358.2594478784,17189.2817942534,75.625,1411100000,58.2183333333333,15.6
"CIV",2020,"Cote d'Ivoire","Sub-Saharan Africa","Lower middle income","Combined",0.467,46.7,NA,NA,"CI",56.1083333333333,68.475,-0.506700754165649,0.379889339208603,2276.83952295318,5377.78552757916,83.125,26811790,56.1083333333333,46.7
"CMR",2020,"Cameroon","Sub-Saharan Africa","Lower middle income","Combined",0.4,40,0.565,51.8,"CM",53.4766666666667,64.525,-0.900137960910797,0.397401511669159,1419.32820350189,3866.25447217005,60,26491087,53.4766666666667,40
"COD",2020,"Congo, Dem. Rep.","Sub-Saharan Africa","Low income","Combined",0.333,33.300000000000004,NA,NA,"CD",33.7533333333333,44.325,-1.7140805721283,0.366369277238846,487.43311264638,1101.25040167561,78.75,92853164,33.7533333333333,33.300000000000004
"COG",2020,"Congo, Rep.","Sub-Saharan Africa","Lower middle income","Combined",0.178,17.8,NA,NA,"CG",36.5766666666667,47.8,-1.48290407657623,0.41926571726799,1586.3182966189,3570.01696519798,49.375,5702174,36.5766666666667,17.8
"COL",2020,"Colombia","Latin America & Caribbean","Upper middle income","Combined",0.467,46.7,0.424,15,"CO",73.7654166666667,83.11875,0.038009624928236,0.60433030128479,5865.65409477439,14854.521723148,81.875,50930662,73.7654166666667,46.7
"COM",2020,"Comoros","Sub-Saharan Africa","Lower middle income","Combined",0.156,15.6,NA,NA,"KM",NA,52.65625,-1.62419712543488,0.40468829870224,1352.95541062954,3398.84934391904,65,806166,NA,15.6
"CPV",2020,"Cabo Verde","Sub-Saharan Africa","Lower middle income","Combined",0.333,33.300000000000004,0.349,NA,"CV",54.66875,59.59375,0.226905837655067,NA,2801.04915145259,6084.45605129371,86.25,582640,54.66875,33.300000000000004
"CRI",2020,"Costa Rica","Latin America & Caribbean","Upper middle income","Combined",0.533,53.300000000000004,0.256,27.9,"CR",79.7779166666667,75.95625,0.227197661995888,0.628635048866272,12058.0029125188,22117.9271096529,86.25,5123105,79.7779166666667,53.300000000000004
"CUB",2020,"Cuba","Latin America & Caribbean","Upper middle income","Combined",0.311,31.1,0.303,NA,"CU",NA,46.875,-0.173482492566109,NA,7172.51925662898,NA,NA,11300698,NA,31.1
"CUW",2020,"Curacao","Latin America & Caribbean","High income","Combined",0.089,8.9,NA,NA,"CW",NA,18.5125,NA,NA,14748.8955145068,20681.2446726143,NA,154947,NA,8.9
"CYM",2020,"Cayman Islands","Latin America & Caribbean","High income","Combined",0.067,6.7,NA,NA,"KY",NA,17.10625,1.1213675737381,NA,76116.4252337353,70767.8129230448,NA,67311,NA,6.7
"CYP",2020,"Cyprus","Europe & Central Asia","High income","Combined",0.356,35.6,0.123,28.3,"CY",80.78125,53.33125,0.875510334968567,0.755520224571228,26814.21484375,40611.703125,91.25,1237537,80.78125,35.6
"CZE",2020,"Czechia","Europe & Central Asia","High income","Combined",0.378,37.8,0.12,19.8,"CZ",85.0608333333333,74.5875,NA,NA,19048.0868543829,41608.0253519702,93.75,10697858,85.0608333333333,37.8
"DEU",2020,"Germany","Europe & Central Asia","High income","Combined",0.333,33.300000000000004,0.073,15,"DE",87.4979166666667,71.10625,1.3521968126297,0.751162469387054,41650.4227126493,54844.5459733622,97.5,83160871,87.4979166666667,33.300000000000004
"DJI",2020,"Djibouti","Middle East & North Africa","Lower middle income","Combined",0.156,15.6,NA,NA,"DJ",36.60625,41.60625,-0.728089869022369,NA,2811.64953129263,5014.23741461734,68.125,1090156,36.60625,15.6
"DMA",2020,"Dominica","Latin America & Caribbean","Upper middle income","Combined",0.111,11.1,NA,NA,"DM",NA,39.90625,-0.0981137603521347,0.544749319553375,6566.36420769493,10817.4239015419,62.5,71995,NA,11.1
"DNK",2020,"Denmark","Europe & Central Asia","High income","Combined",0.378,37.8,0.013,10.4,"DK",86.1170833333333,68.01875,1.88126754760742,0.755094826221466,55898.7900294456,60229.9147703017,100,5831404,86.1170833333333,37.8
"DOM",2020,"Dominican Republic","Latin America & Caribbean","Upper middle income","Combined",0.467,46.7,0.429,18.2,"DO",63.9395833333333,59.95625,-0.251211732625961,0.502766907215118,7571.78265216424,17686.759042937,86.25,10999664,63.9395833333333,46.7
"DZA",2020,"Algeria","Middle East & North Africa","Lower middle income","Combined",0.222,22.2,0.499,NA,"DZ",55.1491666666667,57.3625,-0.544885635375977,0.534556448459625,3873.5100150745,11438.6911555723,57.5,43451666,55.1491666666667,22.2
"ECU",2020,"Ecuador","Latin America & Caribbean","Upper middle income","Combined",0.444,44.4,0.362,28.9,"EC",72.95,76.425,-0.44602558016777,0.594254851341248,5331.97661096757,10924.180121551,89.375,17588595,72.95,44.4
"EGY",2020,"Egypt, Arab Rep.","Middle East & North Africa","Lower middle income","Combined",0.311,31.1,NA,NA,"EG",74.0708333333333,72.6375,-0.420183449983597,0.494374662637711,3836.09115358719,12004.1259270733,45,107465134,74.0708333333333,31.1
"ERI",2020,"Eritrea","Sub-Saharan Africa","Low income","Combined",0.111,11.1,NA,NA,"ER",NA,37.9125,-1.62417638301849,NA,NA,NA,69.375,3555868,NA,11.1
"ESP",2020,"Spain","Europe & Central Asia","High income","Combined",0.4,40,0.057,14.3,"ES",88.8541666666667,75.5375,0.887231767177582,0.728255033493042,24785.446714692,37754.5686281101,97.5,47365655,88.8541666666667,40
"EST",2020,"Estonia","Europe & Central Asia","High income","Combined",0.356,35.6,0.1,14.1,"EE",86.07375,67.49375,1.33476769924164,0.77720320224762,20118.1050729983,37644.0038219879,97.5,1329522,86.07375,35.6
"ETH",2020,"Ethiopia","Sub-Saharan Africa","Low income","Combined",0.4,40,0.52,29.6,"ET",53.5991666666667,71.4125,-0.550458014011383,0.382784843444824,811.255620648886,2376.6356011465,76.875,117190911,53.5991666666667,40
"FIN",2020,"Finland","Europe & Central Asia","High income","Combined",0.444,44.4,0.033,NA,"FI",88.4775,75.2375,1.93922412395477,0.796001017093658,45053.758678116,50937.1607539726,97.5,5529543,88.4775,44.4
"FJI",2020,"Fiji","East Asia & Pacific","Upper middle income","Combined",0.333,33.300000000000004,0.318,15.3,"FJ",57.6008333333333,52.9375,0.545305252075195,0.508573293685913,4703.57670791071,11567.5353660698,82.5,920422,57.6008333333333,33.300000000000004
"FRA",2020,"France","Europe & Central Asia","High income","Combined",0.422,42.199999999999996,0.083,11.1,"FR",86.3483333333333,74.3,1.23942053318024,0.762737214565277,35712.0751986828,46858.2159217522,100,67571107,86.3483333333333,42.199999999999996
"FRO",2020,"Faroe Islands","Europe & Central Asia","High income","Combined",0.022,2.1999999999999997,NA,NA,"FO",NA,11.39375,NA,NA,NA,NA,NA,52415,NA,2.1999999999999997
"FSM",2020,"Micronesia, Fed. Sts.","East Asia & Pacific","Lower middle income","Combined",0.133,13.3,NA,NA,"FM",23.8195833333333,41.68125,0.183574870228767,0.505966544151306,2913.21837338295,3644.97092502149,61.25,112106,23.8195833333333,13.3
"GAB",2020,"Gabon","Sub-Saharan Africa","Upper middle income","Combined",0.133,13.3,0.541,40.1,"GA",28.0545833333333,41.55625,-0.967587471008301,0.457612454891205,6619.68858056614,14664.7109343551,57.5,2292573,28.0545833333333,13.3
"GBR",2020,"United Kingdom","Europe & Central Asia","High income","Combined",0.356,35.6,0.098,17.5,"GB",83.1533333333333,74.025,1.36800122261047,0.782942950725555,42098.7497835684,46526.9118652819,97.5,67081000,83.1533333333333,35.6
"GEO",2020,"Georgia","Europe & Central Asia","Upper middle income","Combined",0.422,42.199999999999996,0.28,24.8,"GE",80.0604166666667,73.71875,0.753325581550598,0.568925797939301,4447.664250894,14731.2005947457,85.625,3722716,80.0604166666667,42.199999999999996
"GHA",2020,"Ghana","Sub-Saharan Africa","Lower middle income","Combined",0.422,42.199999999999996,0.529,34.5,"GH",61.9958333333333,65.1125,-0.165586546063423,0.450056403875351,1951.08652852438,5551.78680222592,75,32180401,61.9958333333333,42.199999999999996
"GIB",2020,"Gibraltar","Europe & Central Asia","High income","Combined",0.067,6.7,NA,NA,"GI",NA,12.94375,NA,NA,NA,NA,NA,32709,NA,6.7
"GIN",2020,"Guinea","Sub-Saharan Africa","Low income","Combined",0.4,40,0.621,56.7,"GN",45.8754166666667,57.06875,-0.941214144229889,0.37094247341156,959.431978411073,2746.73328025897,73.75,13205153,45.8754166666667,40
"GMB",2020,"Gambia, The","Sub-Saharan Africa","Low income","Combined",0.444,44.4,NA,NA,"GM",44.01875,64.91875,-0.75449800491333,0.421570628881455,655.576242590987,2154.4856177314,69.375,2573995,44.01875,44.4
"GNB",2020,"Guinea-Bissau","Sub-Saharan Africa","Low income","Combined",0.333,33.300000000000004,0.627,NA,"GW",33.4025,41.9875,-1.45148646831512,NA,604.595146033044,1902.40750459658,42.5,2015828,33.4025,33.300000000000004
"GNQ",2020,"Equatorial Guinea","Sub-Saharan Africa","Upper middle income","Combined",0.133,13.3,NA,NA,"GQ",NA,44.88125,-1.19046521186829,NA,6030.51757008333,15961.1138626454,51.875,1596049,NA,13.3
"GRC",2020,"Greece","Europe & Central Asia","High income","Combined",0.378,37.8,0.119,27.1,"GR",85.3608333333333,68.5375,0.437608152627945,0.690006494522095,17343.6099878902,27953.7621274872,97.5,10698599,85.3608333333333,37.8
"GRD",2020,"Grenada","Latin America & Caribbean","Upper middle income","Combined",0.2,20,NA,NA,"GD",NA,43.1,0.0282526388764381,0.565070509910584,7915.21109400898,13896.9827426932,80.625,123663,NA,20
"GRL",2020,"Greenland","Europe & Central Asia","High income","Combined",0.022,2.1999999999999997,NA,NA,"GL",NA,12.5375,0.791538119316101,NA,47957.7936697606,NA,NA,56367,NA,2.1999999999999997
"GTM",2020,"Guatemala","Latin America & Caribbean","Upper middle income","Combined",0.422,42.199999999999996,0.481,28.6,"GT",61.0329166666667,73.93125,-0.686632513999939,0.461270093917847,4124.6999812741,8849.71774303031,70.625,16858333,61.0329166666667,42.199999999999996
"GUM",2020,"Guam","East Asia & Pacific","High income","Combined",0.044,4.3999999999999995,NA,NA,"GU",NA,15.34375,0.689502596855164,NA,31236.0797479713,NA,NA,169231,NA,4.3999999999999995
"GUY",2020,"Guyana","Latin America & Caribbean","Upper middle income","Combined",0.311,31.1,0.454,NA,"GY",41.4895833333333,46.13125,-0.416971474885941,0.495226472616196,9126.80604679143,19439.9309798917,86.875,797202,41.4895833333333,31.1
"HKG",2020,"Hong Kong SAR, China","East Asia & Pacific","High income","Combined",0.156,15.6,NA,NA,"HK",NA,28.7375,1.65323340892792,0.812756538391113,41448.4907994199,58949.4659538846,89.375,7481000,NA,15.6
"HND",2020,"Honduras","Latin America & Caribbean","Lower middle income","Combined",0.333,33.300000000000004,0.431,22.4,"HN",61.17625,66.85625,-0.613730549812317,0.481023132801056,2190.97187254256,5303.51449924795,75,10121763,61.17625,33.300000000000004
"HRV",2020,"Croatia","Europe & Central Asia","High income","Combined",0.356,35.6,0.093,19.3,"HR",68.3841666666667,57.2875,0.461028814315796,0.709693968296051,12920.3443843408,29106.5877220387,93.75,4047680,68.3841666666667,35.6
"HTI",2020,"Haiti","Latin America & Caribbean","Lower middle income","Combined",0.356,35.6,0.635,39.9,"HT",37.51625,51.23125,-2.08916330337524,0.446564912796021,1322.81405814194,3121.14575720839,61.25,11306801,37.51625,35.6
"HUN",2020,"Hungary","Europe & Central Asia","High income","Combined",0.378,37.8,0.221,25.7,"HU",84.8341666666667,69.0375,0.573773086071014,0.683087289333344,14427.8188846629,33274.3476562091,96.875,9750149,84.8341666666667,37.8
"IDN",2020,"Indonesia","East Asia & Pacific","Lower middle income","Combined",0.378,37.8,0.444,41.6,"ID",72.2025,74.8875,0.350167453289032,0.540038466453552,3780.14120998019,12146.4067908851,64.375,271857970,72.2025,37.8
"IMN",2020,"Isle of Man","Europe & Central Asia","High income","Combined",0,0,NA,NA,"IM",NA,10.88125,NA,NA,NA,NA,NA,84046,NA,0
"IND",2020,"India","South Asia","Lower middle income","Combined",0.356,35.6,0.49,34,"IN",70.3670833333333,59.99375,0.405513286590576,0.493510901927948,1796.48873981565,6448.87019636168,74.375,1396387127,70.3670833333333,35.6
"IRL",2020,"Ireland","Europe & Central Asia","High income","Combined",0.333,33.300000000000004,0.074,NA,"IE",87.0375,74.1125,1.47139298915863,0.792599022388458,79074.5401350894,93355.5551639302,100,4985382,87.0375,33.300000000000004
"IRN",2020,"Iran, Islamic Rep.","Middle East & North Africa","Lower middle income","Combined",0.267,26.700000000000003,NA,NA,"IR",56.6883333333333,51.625,-0.99354088306427,0.593404471874237,5141.08477874704,15222.7597362954,31.25,87290193,56.6883333333333,26.700000000000003
"IRQ",2020,"Iraq","Middle East & North Africa","Upper middle income","Combined",0.333,33.300000000000004,0.558,53.7,"IQ",34.8016666666667,61.95,-1.28007757663727,0.407643288373947,4204.17669758529,9408.29552709836,45,42556984,34.8016666666667,33.300000000000004
"ISL",2020,"Iceland","Europe & Central Asia","High income","Combined",0.311,31.1,0.043,NA,"IS",77.8333333333333,59.7,1.51486778259277,0.745281875133514,52983.8118224464,53616.6847084842,100,366463,77.8333333333333,31.1
"ISR",2020,"Israel","Middle East & North Africa","High income","Combined",0.311,31.1,0.083,NA,"IL",78.1358333333333,58.4625,1.08803522586823,0.733995318412781,38176.7543372587,39489.2807769984,80.625,9215100,78.1358333333333,31.1
"ITA",2020,"Italy","Europe & Central Asia","High income","Combined",0.378,37.8,0.056,NA,"IT",89.7958333333333,75.2875,0.393574446439743,0.727819681167603,29353.8154433028,41995.3575274563,97.5,59438851,89.7958333333333,37.8
"JAM",2020,"Jamaica","Latin America & Caribbean","Upper middle income","Combined",0.311,31.1,0.335,24.7,"JM",54.6429166666667,52.88125,0.56229567527771,0.534977912902832,4765.47436441152,9701.89053303231,68.125,2820436,54.6429166666667,31.1
"JOR",2020,"Jordan","Middle East & North Africa","Upper middle income","Combined",0.467,46.7,0.471,57.3,"JO",62.0104166666667,71.29375,0.126554161310196,0.553174376487732,3773.42178163461,9707.40418160313,46.875,10928721,62.0104166666667,46.7
"JPN",2020,"Japan","East Asia & Pacific","High income","Combined",0.311,31.1,0.083,NA,"JP",85.8091666666667,73.5125,1.5871205329895,0.804714262485504,34556.4399294744,42100.257690921,78.75,126261000,85.8091666666667,31.1
"KAZ",2020,"Kazakhstan","Europe & Central Asia","Upper middle income","Combined",0.467,46.7,0.161,22.5,"KZ",78.5591666666667,78.3125,0.137930825352669,0.628506422042847,10974.2462751277,26750.446226155,69.375,18755666,78.5591666666667,46.7
"KEN",2020,"Kenya","Sub-Saharan Africa","Lower middle income","Combined",0.333,33.300000000000004,0.506,35.5,"KE",54.5379166666667,61.43125,-0.400212824344635,0.546752512454987,1616.86813097824,4744.73926814922,80.625,51985780,54.5379166666667,33.300000000000004
"KGZ",2020,"Kyrgyz Republic","Europe & Central Asia","Lower middle income","Combined",0.422,42.199999999999996,NA,NA,"KG",78.6325,73.6375,-0.532788515090942,0.596617102622986,1102.66436211075,4985.02955528531,76.875,6579900,78.6325,42.199999999999996
"KHM",2020,"Cambodia","East Asia & Pacific","Lower middle income","Combined",0.289,28.9,0.461,29.5,"KH",56.2025,60.4375,-0.392002016305923,0.491589874029159,1404.19865501722,4510.37235655168,75,16396860,56.2025,28.9
"KIR",2020,"Kiribati","East Asia & Pacific","Lower middle income","Combined",0.311,31.1,NA,NA,"KI",24.4975,46.1875,0.0364286713302135,0.492592930793762,1392.10659563351,2051.35767187116,76.25,126463,24.4975,31.1
"KNA",2020,"St. Kitts and Nevis","Latin America & Caribbean","High income","Combined",0.067,6.7,NA,NA,"KN",NA,28.4,0.689502596855164,0.586181640625,18948.3865021181,28162.9469103685,71.25,47642,NA,6.7
"KOR",2020,"Korea, Rep.","East Asia & Pacific","High income","Combined",0.333,33.300000000000004,NA,NA,"KR",88.28375,75.61875,1.40716409683228,0.798776268959045,31372.4712614515,45403.032592115,85,51836239,88.28375,33.300000000000004
"KWT",2020,"Kuwait","Middle East & North Africa","High income","Combined",0.178,17.8,0.305,NA,"KW",64.2229166666667,51.65625,-0.163963556289673,0.562588036060333,23925.6656033037,46328.0794647542,28.75,4360444,64.2229166666667,17.8
"LAO",2020,"Lao PDR","East Asia & Pacific","Lower middle income","Combined",0.511,51.1,NA,NA,"LA",54.1120833333333,53.39375,-0.745370984077454,0.456665337085724,2539.12452453054,8189.14621030973,88.125,7319399,54.1120833333333,51.1
"LBN",2020,"Lebanon","Middle East & North Africa","Lower middle income","Combined",0.267,26.700000000000003,0.432,56.2,"LB",51.8704166666667,57.39375,-1.18356895446777,0.515125513076782,6473.10399449625,14535.6809169716,52.5,5662923,51.8704166666667,26.700000000000003
"LBR",2020,"Liberia","Sub-Saharan Africa","Low income","Combined",0.289,28.9,0.648,47.5,"LR",49.4283333333333,56.825,-1.4346170425415,0.319014221429825,612.38424757045,1459.61427704702,81.25,5087584,49.4283333333333,28.9
"LBY",2020,"Libya","Middle East & North Africa","Upper middle income","Combined",0.089,8.9,0.259,NA,"LY",21.4075,35.6125,-1.8408727645874,NA,6968.04447120709,17851.0117249853,50,6653942,21.4075,8.9
"LCA",2020,"St. Lucia","Latin America & Caribbean","Upper middle income","Combined",0.222,22.2,NA,NA,"LC",50.8841666666667,45.9875,0.308486878871918,0.602564752101898,8361.39265116311,12289.250299853,83.75,179237,50.8841666666667,22.2
"LIE",2020,"Liechtenstein","Europe & Central Asia","High income","Combined",0.111,11.1,NA,NA,"LI",NA,24.1625,1.81459259986877,NA,NA,NA,NA,38756,NA,11.1
"LKA",2020,"Sri Lanka","South Asia","Lower middle income","Combined",0.422,42.199999999999996,0.383,43,"LK",72.5829166666667,70.45625,-0.0469268821179867,0.598324298858643,4280.84906667802,13812.9574751065,65.625,21919000,72.5829166666667,42.199999999999996
"LSO",2020,"Lesotho","Sub-Saharan Africa","Lower middle income","Combined",0.333,33.300000000000004,0.557,38.1,"LS",55.2254166666667,53.19375,-0.95079517364502,0.400392591953278,972.415623732283,2417.7286592475,78.125,2254100,55.2254166666667,33.300000000000004
"LTU",2020,"Lithuania","Europe & Central Asia","High income","Combined",0.422,42.199999999999996,0.105,15.6,"LT",84.93375,60.96875,1.05077922344208,0.70604795217514,17241.3488235121,38880.5452693822,93.75,2794885,84.93375,42.199999999999996
"LUX",2020,"Luxembourg","Europe & Central Asia","High income","Combined",0.267,26.700000000000003,0.044,NA,"LU",78.20125,61.28125,1.83270716667175,0.686146140098572,104128.242111037,117846.13649183,100,630419,78.20125,26.700000000000003
"LVA",2020,"Latvia","Europe & Central Asia","High income","Combined",0.378,37.8,0.151,NA,"LV",83.7191666666667,61.3875,0.874574065208435,0.70658141374588,15826.4126578529,31424.9022103534,100,1900449,83.7191666666667,37.8
"MAC",2020,"Macao SAR, China","East Asia & Pacific","High income","Combined",0.133,13.3,NA,NA,"MO",NA,23.925,1.1213675737381,0.795671582221985,34561.7844726337,58179.5127988997,NA,676283,NA,13.3
"MAF",2020,"St. Martin (French part)","Latin America & Caribbean","High income","Combined",0,0,NA,NA,"MF",NA,7.05625,NA,NA,NA,NA,NA,32553,NA,0
"MAR",2020,"Morocco","Middle East & North Africa","Lower middle income","Combined",0.356,35.6,0.425,50.8,"MA",59.01625,68.15625,-0.0887200012803078,0.504116356372833,3081.3828125,7959.25634765625,75.625,36688772,59.01625,35.6
"MCO",2020,"Monaco","Europe & Central Asia","High income","Combined",0.044,4.3999999999999995,NA,NA,"MC",NA,27.3875,NA,NA,166909.968266647,NA,NA,36922,NA,4.3999999999999995
"MDA",2020,"Moldova","Europe & Central Asia","Upper middle income","Combined",0.4,40,NA,NA,"MD",79.3225,53.5625,-0.5140380859375,0.584153532981873,3217.97399064244,12870.0160240115,87.5,2635130,79.3225,40
"MDG",2020,"Madagascar","Sub-Saharan Africa","Low income","Combined",0.378,37.8,0.556,47.5,"MG",51.9804166666667,62.59375,-1.02806007862091,0.391991019248962,433.83824486583,1514.86168771791,71.875,28225177,51.9804166666667,37.8
"MDV",2020,"Maldives","South Asia","Upper middle income","Combined",0.444,44.4,0.348,NA,"MV",52.8975,65.4875,-0.00686872284859419,NA,7013.57000027668,14154.2524769432,73.75,514438,52.8975,44.4
"MEX",2020,"Mexico","Latin America & Caribbean","Upper middle income","Combined",0.489,48.9,0.309,29,"MX",87.5070833333333,89.31875,-0.242663219571114,0.612949848175049,9147.05350478398,19165.3577838346,88.75,125998302,87.5070833333333,48.9
"MHL",2020,"Marshall Islands","East Asia & Pacific","Upper middle income","Combined",0.156,15.6,NA,NA,"MH",20.8604166666667,38.71875,-1.40530467033386,0.42339813709259,5041.05682629627,6023.7377968948,65.625,43413,20.8604166666667,15.6
"MKD",2020,"North Macedonia","Europe & Central Asia","Upper middle income","Combined",0.489,48.9,0.134,18,"MK",72.03875,51.14375,0.0637243688106537,0.55734920501709,5067.21360634667,16984.3604630043,85,2072531,72.03875,48.9
"MLI",2020,"Mali","Sub-Saharan Africa","Low income","Combined",0.533,53.300000000000004,0.613,46,"ML",51.9279166666667,64.23125,-1.16586327552795,0.318269580602646,745.885982262158,2240.14093071924,60.625,21224040,51.9279166666667,53.300000000000004
"MLT",2020,"Malta","Middle East & North Africa","High income","Combined",0.356,35.6,0.167,21.5,"MT",74.6183333333333,45.5,1.03146994113922,0.709248304367065,25444.3392976941,43711.5057989023,88.75,515332,74.6183333333333,35.6
"MMR",2020,"Myanmar","East Asia & Pacific","Lower middle income","Combined",0.511,51.1,0.498,42.4,"MM",63.7629166666667,73.80625,-1.01675057411194,0.477652013301849,1616.20849776001,5218.02453689085,58.75,53423198,63.7629166666667,51.1
"MNE",2020,"Montenegro","Europe & Central Asia","Upper middle income","Combined",0.467,46.7,0.119,NA,"ME",67.0191666666667,67.1125,-0.0708921402692795,0.633181810379028,6515.50788943096,20107.6985633304,85,621306,67.0191666666667,46.7
"MNG",2020,"Mongolia","East Asia & Pacific","Lower middle income","Combined",0.511,51.1,0.313,20,"MN",76.2833333333333,77.475,-0.368315815925598,0.614397525787354,4106.60261468469,12305.7179068032,85,3294335,76.2833333333333,51.1
"MNP",2020,"Northern Mariana Islands","East Asia & Pacific","High income","Combined",0.022,2.1999999999999997,NA,NA,"MP",NA,11.28125,NA,NA,NA,NA,NA,49587,NA,2.1999999999999997
"MOZ",2020,"Mozambique","Sub-Saharan Africa","Low income","Combined",0.244,24.4,0.537,24.3,"MZ",56.2404166666667,67.39375,-0.775558054447174,0.362116664648056,576.017851178953,1300.51077292959,82.5,31178239,56.2404166666667,24.4
"MRT",2020,"Mauritania","Sub-Saharan Africa","Lower middle income","Combined",0.133,13.3,0.632,NA,"MR",48.06875,47.79375,-0.807231068611145,0.381546080112457,1612.15270266623,5605.92029357621,48.125,4498604,48.06875,13.3
"MUS",2020,"Mauritius","Sub-Saharan Africa","Upper middle income","Combined",0.4,40,0.347,NA,"MU",75.91375,56.99375,0.884526431560516,0.62185925245285,9359.34373757082,21331.8141194663,89.375,1265740,75.91375,40
"MWI",2020,"Malawi","Sub-Saharan Africa","Low income","Combined",0.356,35.6,0.554,41.4,"MW",56.4904166666667,66.54375,-0.797247529029846,0.413240641355515,388.978636142247,1571.18029616444,77.5,19377061,56.4904166666667,35.6
"MYS",2020,"Malaysia","East Asia & Pacific","Upper middle income","Combined",0.311,31.1,0.228,NA,"MY",71.0504166666667,73.01875,1.05908203125,0.610976159572601,10374.1870816224,27245.6204199968,50,33199993,71.0504166666667,31.1
"NAM",2020,"Namibia","Sub-Saharan Africa","Upper middle income","Combined",0.311,31.1,0.445,27.1,"NA",52.2141666666667,65.4625,0.0677594020962715,0.446437537670136,4155.13271775572,9543.71273387521,86.25,2489098,52.2141666666667,31.1
"NCL",2020,"New Caledonia","East Asia & Pacific","High income","Combined",0.044,4.3999999999999995,NA,NA,"NC",NA,16.025,NA,NA,NA,NA,NA,271130,NA,4.3999999999999995
"NER",2020,"Niger","Sub-Saharan Africa","Low income","Combined",0.4,40,0.611,NA,"NE",57.0158333333333,60.8375,-0.634796857833862,0.31568518280983,519.678793484687,1281.06192868054,56.875,24333639,57.0158333333333,40
"NGA",2020,"Nigeria","Sub-Saharan Africa","Lower middle income","Combined",0.511,51.1,0.68,46,"NG",53.5754166666667,54.84375,-1.11589670181274,0.360609829425812,2401.18390022989,5131.52623792346,63.125,208327405,53.5754166666667,51.1
"NIC",2020,"Nicaragua","Latin America & Caribbean","Lower middle income","Combined",0.222,22.2,0.424,18.6,"NI",51.6579166666667,45.38125,-0.650465130805969,0.508098244667053,1886.51311080129,5465.5074394317,86.25,6755895,51.6579166666667,22.2
"NLD",2020,"Netherlands","Europe & Central Asia","High income","Combined",0.422,42.199999999999996,0.025,16.1,"NL",87.9558333333333,71.3625,1.84382510185242,0.789915025234222,46303.21886247,59266.9085805339,97.5,17441500,87.9558333333333,42.199999999999996
"NOR",2020,"Norway","Europe & Central Asia","High income","Combined",0.333,33.300000000000004,0.016,14.5,"NO",90.09375,77.56875,1.92704653739929,0.771051168441772,75017.1567472977,62644.8457362642,96.875,5379475,90.09375,33.300000000000004
"NPL",2020,"Nepal","South Asia","Lower middle income","Combined",0.489,48.9,0.452,36.2,"NP",53.5658333333333,68.0375,-0.93973445892334,0.504601776599884,1018.10766517934,3967.82017915997,80.625,29348627,53.5658333333333,48.9
"NRU",2020,"Nauru","East Asia & Pacific","High income","Combined",0.133,13.3,NA,NA,"NR",NA,34.91875,-0.0823604688048363,NA,7360.95180143829,12613.0680827519,NA,12315,NA,13.3
"NZL",2020,"New Zealand","East Asia & Pacific","High income","Combined",0.356,35.6,0.088,16.7,"NZ",85.26375,71.51875,1.58037388324738,0.775932431221008,39216.2248628459,44657.7737248265,97.5,5090200,85.26375,35.6
"OMN",2020,"Oman","Middle East & North Africa","High income","Combined",0.267,26.700000000000003,0.3,NA,"OM",58.53625,44.05625,0.135548576712608,0.608116269111633,17662.242841682,34910.8532670212,35.625,4543399,58.53625,26.700000000000003
"PAK",2020,"Pakistan","South Asia","Lower middle income","Combined",0.533,53.300000000000004,0.534,58.7,"PK",60.6754166666667,73.29375,-0.540501832962036,0.406070023775101,1409.69760074979,5278.41860157866,55.625,227196741,60.6754166666667,53.300000000000004
"PAN",2020,"Panama","Latin America & Caribbean","High income","Combined",0.378,37.8,0.392,NA,"PA",59.5845833333333,65.20625,0.197498485445976,0.501601994037628,12230.0395894753,26907.3589156956,79.375,4294396,59.5845833333333,37.8
"PER",2020,"Peru","Latin America & Caribbean","Upper middle income","Combined",0.489,48.9,0.38,24.5,"PE",68.84625,77.33125,-0.263935297727585,0.6051926612854,5749.01873201867,11789.0292775148,95,33304756,68.84625,48.9
"PHL",2020,"Philippines","East Asia & Pacific","Lower middle income","Combined",0.422,42.199999999999996,0.419,52.8,"PH",75.7233333333333,75.175,0.0994934812188149,0.51596212387085,3195.54169165164,8198.9675013519,78.75,112190977,75.7233333333333,42.199999999999996
"PLW",2020,"Palau","East Asia & Pacific","Upper middle income","Combined",0.111,11.1,NA,NA,"PW",NA,34.0875,-0.0525450743734837,0.588113486766815,13662.754094839,16825.885444641,56.25,17972,NA,11.1
"PNG",2020,"Papua New Guinea","East Asia & Pacific","Lower middle income","Combined",0.289,28.9,0.725,NA,"PG",40.84625,50.68125,-0.843611121177673,0.429185003042221,2455.15598423553,3946.50751392608,60,9749640,40.84625,28.9
"POL",2020,"Poland","Europe & Central Asia","High income","Combined",0.311,31.1,0.109,17.4,"PL",89.0708333333333,70.5375,0.359848201274872,0.753088593482971,14774.989199307,34449.3234051544,93.75,37899070,89.0708333333333,31.1
"PRI",2020,"Puerto Rico","Latin America & Caribbean","High income","Combined",0.089,8.9,NA,NA,"PR",NA,22.225,-0.265082746744156,NA,28094.5983667684,34160.8616346184,83.75,3281538,NA,8.9
"PRK",2020,"Korea, Dem. People's Rep.","East Asia & Pacific","Low income","Combined",0.267,26.700000000000003,NA,NA,"KP",NA,43.09375,-1.46701264381409,NA,NA,NA,NA,25867467,NA,26.700000000000003
"PRT",2020,"Portugal","Europe & Central Asia","High income","Combined",0.311,31.1,0.067,11.2,"PT",85.5191666666667,71.0375,1.01547133922577,0.768949568271637,19802.2290212165,34177.085710564,100,10297081,85.5191666666667,31.1
"PRY",2020,"Paraguay","Latin America & Caribbean","Upper middle income","Combined",0.422,42.199999999999996,0.445,32.8,"PY",61.05625,76.43125,-0.538141965866089,0.528180062770844,6095.39137530699,14046.6522172277,94.375,6618695,61.05625,42.199999999999996
"PSE",2020,"West Bank and Gaza","Middle East & North Africa","Lower middle income","Combined",0.422,42.199999999999996,NA,NA,"PS",70.4295833333333,55.68125,-0.648640096187592,0.579996645450592,2922.46801084844,5698.41205720855,26.25,4803269,70.4295833333333,42.199999999999996
"PYF",2020,"French Polynesia","East Asia & Pacific","High income","Combined",0.022,2.1999999999999997,NA,NA,"PF",NA,14.1125,NA,NA,17644.7941932285,NA,NA,301920,NA,2.1999999999999997
"QAT",2020,"Qatar","Middle East & North Africa","High income","Combined",0.244,24.4,0.22,NA,"QA",63.0116666666667,47.325,0.900529682636261,0.637771606445313,58476.1994291413,93894.2527454893,29.375,2760385,63.0116666666667,24.4
"ROU",2020,"Romania","Europe & Central Asia","High income","Combined",0.378,37.8,0.282,16.6,"RO",77.5079166666667,56.73125,-0.257351338863373,0.584187865257263,10898.8316332686,32680.9937438188,90.625,19265250,77.5079166666667,37.8
"RUS",2020,"Russian Federation","Europe & Central Asia","Upper middle income","Combined",0.267,26.700000000000003,0.203,22.3,"RU",78.1904166666667,58.51875,-0.0776575356721878,0.681419610977173,9713.3681640625,29936.9296875,73.125,144073139,78.1904166666667,26.700000000000003
"RWA",2020,"Rwanda","Sub-Saharan Africa","Low income","Combined",0.4,40,0.388,27.6,"RW",67.2920833333333,69.61875,0.308448910713196,0.379552751779556,822.073813542986,2180.87734934339,83.75,13146362,67.2920833333333,40
"SAU",2020,"Saudi Arabia","Middle East & North Africa","High income","Combined",0.2,20,0.247,NA,"SA",63.3854166666667,47.21875,0.139777943491936,0.576390504837036,18085.5415738719,45240.6760912869,80,35997107,63.3854166666667,20
"SDN",2020,"Sudan","Sub-Saharan Africa","Low income","Combined",0.2,20,0.553,NA,"SD",39.16125,55.65625,-1.52577590942383,0.377445191144943,1828.16003417969,4087.00610351563,29.375,44440486,39.16125,20
"SEN",2020,"Senegal","Sub-Saharan Africa","Lower middle income","Combined",0.467,46.7,0.53,37,"SN",63.57375,66.91875,-0.0349737964570522,0.420110791921616,1390.81952495616,3569.20913872327,66.875,16436120,63.57375,46.7
"SGP",2020,"Singapore","East Asia & Pacific","High income","Combined",0.289,28.9,0.04,27,"SG",75.0991666666667,42.1625,2.3248598575592,0.879125714302063,58982.4609149611,99681.2941505156,82.5,5685807,75.0991666666667,28.9
"SLB",2020,"Solomon Islands","East Asia & Pacific","Lower middle income","Combined",0.156,15.6,NA,NA,"SB",41.6645833333333,47.45625,-0.831492960453033,0.419872611761093,2079.53741627946,2604.3548807197,56.875,691191,41.6645833333333,15.6
"SLE",2020,"Sierra Leone","Sub-Saharan Africa","Low income","Combined",0.444,44.4,0.633,47.6,"SL",52.7783333333333,62.05,-1.02773928642273,0.36270210146904,604.417302213392,1673.0650188926,69.375,8233970,52.7783333333333,44.4
"SLV",2020,"El Salvador","Latin America & Caribbean","Lower middle income","Combined",0.444,44.4,0.376,22.9,"SV",68.8033333333333,69.15,-0.23379747569561,0.546176612377167,3761.75413246649,8720.01199739566,88.75,6292731,68.8033333333333,44.4
"SMR",2020,"San Marino","Europe & Central Asia","High income","Combined",0.111,11.1,NA,NA,"SM",NA,21.61875,NA,NA,41415.5026131761,59451.0342438017,80,34007,NA,11.1
"SOM",2020,"Somalia","Sub-Saharan Africa","Low income","Combined",0.2,20,NA,NA,"SO",19.6179166666667,45.45625,-2.10902547836304,NA,424.392316823319,1189.16228792889,46.875,16537016,19.6179166666667,20
"SRB",2020,"Serbia","Europe & Central Asia","Upper middle income","Combined",0.556,55.60000000000001,0.131,19.8,"RS",75.7929166666667,68.43125,-0.0102546475827694,0.676606357097626,6552.0858960946,19173.1960909313,93.75,6899126,75.7929166666667,55.60000000000001
"SSD",2020,"South Sudan","Sub-Saharan Africa","Low income","Combined",0.133,13.3,0.587,NA,"SS",30.4891666666667,45.7875,-2.31318593025208,0.306520849466324,NA,NA,67.5,10606227,30.4891666666667,13.3
"STP",2020,"Sao Tome and Principe","Sub-Saharan Africa","Lower middle income","Combined",0.244,24.4,0.494,NA,"ST",39.8708333333333,42.9375,-0.691931128501892,NA,1695.17128277048,4280.94970228213,83.125,218641,39.8708333333333,24.4
"SUR",2020,"Suriname","Latin America & Caribbean","Upper middle income","Combined",0.467,46.7,0.427,NA,"SR",50.8029166666667,46.63125,-0.544024109840393,NA,7275.29469573411,16168.6908170131,73.75,607065,50.8029166666667,46.7
"SVK",2020,"Slovak Republic","Europe & Central Asia","High income","Combined",0.378,37.8,NA,NA,"SK",85.595,69.95,0.537019550800323,0.664987325668335,17611.7568566409,31356.458282425,85,5458827,85.595,37.8
"SVN",2020,"Slovenia","Europe & Central Asia","High income","Combined",0.356,35.6,0.071,12.9,"SI",88.93125,76.28125,1.15800929069519,0.774986982345581,22928.7627401934,39725.259194249,96.875,2102419,88.93125,35.6
"SWE",2020,"Sweden","Europe & Central Asia","High income","Combined",0.444,44.4,0.023,10.5,"SE",88.5241666666667,75.2375,1.70982444286346,0.79535710811615,51952.6731328342,55064.8850101551,100,10353442,88.5241666666667,44.4
"SWZ",2020,"Eswatini","Sub-Saharan Africa","Lower middle income","Combined",0.244,24.4,NA,NA,"SZ",47.1870833333333,63.69375,-0.726357102394104,0.37250080704689,3672.65334987562,8744.43869333825,46.25,1180655,47.1870833333333,24.4
"SXM",2020,"Sint Maarten (Dutch part)","Latin America & Caribbean","High income","Combined",0,0,NA,NA,"SX",NA,9.825,NA,NA,NA,NA,NA,42310,NA,0
"SYC",2020,"Seychelles","Sub-Saharan Africa","High income","Combined",0.2,20,NA,NA,"SC",48.6341666666667,52.8375,0.727294027805328,0.632779061794281,15551.5577973275,28351.856828203,76.25,98462,48.6341666666667,20
"SYR",2020,"Syrian Arab Republic","Middle East & North Africa","Low income","Combined",0.089,8.9,0.477,NA,"SY",26.45375,38.09375,-1.73211216926575,NA,726.738798208621,NA,40,20772595,26.45375,8.9
"TCA",2020,"Turks and Caicos Islands","Latin America & Caribbean","High income","Combined",0.067,6.7,NA,NA,"TC",NA,12.8,NA,NA,18122.4250199858,19486.653140076,NA,44276,NA,6.7
"TCD",2020,"Chad","Sub-Saharan Africa","Low income","Combined",0.333,33.300000000000004,0.652,45.4,"TD",38.5433333333333,52.35,-1.48164510726929,0.299782782793045,622.278504175497,1570.74291792441,66.25,16644701,38.5433333333333,33.300000000000004
"TGO",2020,"Togo","Sub-Saharan Africa","Low income","Combined",0.533,53.300000000000004,0.58,49.5,"TG",60.8804166666667,68.54375,-0.696559250354767,0.431868046522141,614.461360795385,2180.16961040197,84.375,8442580,60.8804166666667,53.300000000000004
"THA",2020,"Thailand","East Asia & Pacific","Upper middle income","Combined",0.422,42.199999999999996,0.333,35.5,"TH",76.1108333333333,76.2375,0.233210638165474,0.609310984611511,6042.01970122734,17771.3071709385,78.125,71475664,76.1108333333333,42.199999999999996
"TJK",2020,"Tajikistan","Europe & Central Asia","Lower middle income","Combined",0.311,31.1,0.285,32.4,"TJ",55.7604166666667,65.49375,-0.70644748210907,0.504116356372833,1197.20426969679,3851.94291285677,78.75,9543207,55.7604166666667,31.1
"TKM",2020,"Turkmenistan","Europe & Central Asia","Upper middle income","Combined",0.244,24.4,0.177,NA,"TM",23.4708333333333,41.7875,-0.991539478302002,NA,NA,NA,NA,6250438,23.4708333333333,24.4
"TLS",2020,"Timor-Leste","East Asia & Pacific","Lower middle income","Combined",0.356,35.6,0.378,NA,"TL",51.0420833333334,59.26875,-0.764207601547241,0.454314529895783,1988.98251997525,5122.48822042025,86.25,1299995,51.0420833333334,35.6
"TON",2020,"Tonga","East Asia & Pacific","Upper middle income","Combined",0.356,35.6,0.631,NA,"TO",NA,45.1125,0.293504655361176,0.531120657920837,4637.7088672375,6705.10244221905,58.75,105254,NA,35.6
"TTO",2020,"Trinidad and Tobago","Latin America & Caribbean","High income","Combined",0.244,24.4,0.344,23.5,"TT",42.05,40.225,0.2097547352314,0.603487730026245,14397.5503781367,24672.3557027999,75,1518147,42.05,24.4
"TUN",2020,"Tunisia","Middle East & North Africa","Lower middle income","Combined",0.311,31.1,0.259,47.6,"TN",64.0675,64.8625,-0.157310023903847,0.516809940338135,3703.24374360361,10571.9008385961,64.375,12161723,64.0675,31.1
"TUR",2020,"Turkiye","Europe & Central Asia","Upper middle income","Combined",0.378,37.8,NA,NA,"TR",84.6379166666667,86.08125,-0.127560287714005,NA,12072.4372855693,27308.5769834374,82.5,84135428,84.6379166666667,37.8
"TUV",2020,"Tuvalu","East Asia & Pacific","Upper middle income","Combined",0.178,17.8,NA,NA,"TV",NA,36.60625,-0.539141237735748,0.447577118873596,4204.12811658383,5104.66003208443,NA,11069,NA,17.8
"TZA",2020,"Tanzania","Sub-Saharan Africa","Lower middle income","Combined",0.4,40,NA,NA,"TZ",58.07125,68.78125,-0.714811623096466,0.389834702014923,1027.28588867188,2690.92456054688,81.25,61704518,58.07125,40
"UGA",2020,"Uganda","Sub-Saharan Africa","Low income","Combined",0.556,55.60000000000001,0.53,45.1,"UG",67.5708333333333,74.7875,-0.587560713291168,0.384176582098007,918.120101085079,2363.19203234959,73.125,44404611,67.5708333333333,55.60000000000001
"UKR",2020,"Ukraine","Europe & Central Asia","Lower middle income","Combined",0.311,31.1,0.2,21,"UA",72.4841666666667,67.3375,-0.382993966341019,0.631387114524841,2350.39990234375,13087.3095703125,79.375,44132049,72.4841666666667,31.1
"URY",2020,"Uruguay","Latin America & Caribbean","High income","Combined",0.4,40,0.235,22.2,"UY",66.8254166666667,65.99375,0.769235491752625,0.59876024723053,15197.9589235994,23024.0989100538,88.75,3429086,66.8254166666667,40
"USA",2020,"United States","North America","High income","Combined",0.4,40,0.179,17.9,"US",88.92375,63.11875,1.31041991710663,0.701764345169067,58453.446127536,63027.6795267153,91.25,331501080,88.92375,40
"UZB",2020,"Uzbekistan","Europe & Central Asia","Lower middle income","Combined",0.267,26.700000000000003,0.227,NA,"UZ",54.91,50.125,-0.530203223228455,0.622805714607239,3159.72604728073,7746.43096873538,70.625,34232050,54.91,26.700000000000003
"VCT",2020,"St. Vincent and the Grenadines","Latin America & Caribbean","Upper middle income","Combined",0.178,17.8,NA,NA,"VC",43.93125,41.78125,0.308486878871918,0.533341825008392,7798.53138614868,14211.4840320727,68.125,104632,43.93125,17.8
"VEN",2020,"Venezuela, RB","Latin America & Caribbean","Not classified","Combined",0.178,17.8,NA,NA,"VE",43.865,52.075,-1.87108051776886,NA,NA,NA,85,28490453,43.865,17.8
"VGB",2020,"British Virgin Islands","Latin America & Caribbean","High income","Combined",0.067,6.7,NA,NA,"VG",NA,18.16875,NA,NA,NA,NA,NA,30910,NA,6.7
"VIR",2020,"Virgin Islands (U.S.)","Latin America & Caribbean","High income","Combined",0,0,NA,NA,"VI",NA,9.9,0.689502596855164,NA,35620.8719163345,NA,NA,106290,NA,0
"VNM",2020,"Vietnam","East Asia & Pacific","Lower middle income","Combined",0.356,35.6,NA,NA,"VN",65.95875,55.06875,0.230213508009911,0.689964532852173,3352.06015678922,11022.9570002851,81.875,96648685,65.95875,35.6
"VUT",2020,"Vanuatu","East Asia & Pacific","Lower middle income","Combined",0.089,8.9,NA,NA,"VU",40.6916666666667,45.725,-0.397548377513886,0.454658538103104,2623.04808347471,2992.17331338146,55.625,311685,40.6916666666667,8.9
"WSM",2020,"Samoa","East Asia & Pacific","Lower middle income","Combined",0.289,28.9,0.418,NA,"WS",57.0470833333333,50.41875,0.65266215801239,0.54842168092727706,4223.63695740135,6394.37580304947,75,214929,57.0470833333333,28.9
"YEM",2020,"Yemen, Rep.","Middle East & North Africa","Low income","Combined",0.178,17.8,NA,NA,"YE",36.77125,37.90625,-2.34856104850769,0.372784405946732,NA,NA,26.875,32284046,36.77125,17.8
"ZAF",2020,"South Africa","Sub-Saharan Africa","Upper middle income","Combined",0.511,51.1,0.405,22.4,"ZA",73.475,75.075,0.0968055054545403,0.425453394651413,5726.2627750226,13517.7805856267,88.125,58801927,73.475,51.1
"ZMB",2020,"Zambia","Sub-Saharan Africa","Low income","Combined",0.467,46.7,0.54,34.8,"ZM",59.0141666666667,70.4625,-0.802456021308899,0.396927535533905,1237.28330318262,3358.00532219863,81.25,18927715,59.0141666666667,46.7
"ZWE",2020,"Zimbabwe","Sub-Saharan Africa","Lower middle income","Combined",0.422,42.199999999999996,0.532,32.4,"ZW",61.6525,70.2375,-1.29977869987488,0.46689310669899,1213.11705786762,2099.32045907446,86.875,15669666,61.6525,42.199999999999996
