"iso3c","date","country","region","income_level","goal","ind_quality","availability","iso2c","GE.EST","HD.HCI.OVRL","IQ.SPI.OVRL","IQ.SPI.PIL3","NY.GDP.PCAP.PP.CD","SG.LAW.INDX","SP.POP.TOTL","outcome","value"
"AFG",2019,"Afghanistan","South Asia","Low income","Combined",0.321,32.1,"AF",-1.463065,0.400284141302109,49.75625,68.30625,2152.19024282945,38.125,38041757,49.75625,32.1
"AGO",2019,"Angola","Sub-Saharan Africa","Lower middle income","Combined",0.255,25.5,"AO",-1.11754,0.362405389547348,54.9458333333333,68.5625,6995.29973633804,73.125,31825299,54.9458333333333,25.5
"ALB",2019,"Albania","Europe & Central Asia","Upper middle income","Combined",0.407,40.699999999999996,"AL",-0.0622132,0.634250938892365,75.3829166666667,72.70625,13999.4239709594,91.25,2854191,75.3829166666667,40.699999999999996
"ARE",2019,"United Arab Emirates","Middle East & North Africa","High income","Combined",0.214,21.4,"AE",1.376891,0.673011898994446,59.6691666666667,42.2375,71144.7159784854,59.375,9770526,59.6691666666667,21.4
"ARG",2019,"Argentina","Latin America & Caribbean","Upper middle income","Combined",0.295,29.5,"AR",-0.0869984,0.602144718170166,64.5958333333333,79.5875,22997.3917562633,76.25,44938712,64.5958333333333,29.5
"ARM",2019,"Armenia","Europe & Central Asia","Upper middle income","Combined",0.426,42.6,"AM",-0.0666463,0.578998804092407,82.2266666666667,81.225,14230.0148679369,85,2957728,82.2266666666667,42.6
"AUS",2019,"Australia","East Asia & Pacific","High income","Combined",0.286,28.599999999999998,"AU",1.571555,0.770239531993866,88.2416666666667,74.075,51748.3977215322,96.875,25365745,88.2416666666667,28.599999999999998
"AUT",2019,"Austria","Europe & Central Asia","High income","Combined",0.263,26.3,"AT",1.527737,0.746739745140076,89.12,74.55,58076.348801448,94.375,8879920,89.12,26.3
"AZE",2019,"Azerbaijan","Europe & Central Asia","Upper middle income","Combined",0.278,27.800000000000004,"AZ",-0.1401703,0.577767550945282,68.14125,60.98125,15051.5612816033,78.75,10024283,68.14125,27.800000000000004
"BDI",2019,"Burundi","Sub-Saharan Africa","Low income","Combined",0.35,35,"BI",-1.326445,0.386170625686646,50.9133333333333,68.9,783.157765560833,73.125,11530577,50.9133333333333,35
"BEL",2019,"Belgium","Europe & Central Asia","High income","Combined",0.25,25,"BE",1.148132,0.76041966676712,82.415,62.225,54278.3894505636,100,11488980,82.415,25
"BEN",2019,"Benin","Sub-Saharan Africa","Lower middle income","Combined",0.328,32.800000000000004,"BJ",-0.4411183,0.400290727615356,48.04625,57.28125,3426.04908935231,74.375,11801151,48.04625,32.800000000000004
"BFA",2019,"Burkina Faso","Sub-Saharan Africa","Low income","Combined",0.316,31.6,"BF",-0.7587574,0.383691936731339,53.6233333333333,62.025,2267.32096279003,82.5,20321383,53.6233333333333,31.6
"BGD",2019,"Bangladesh","South Asia","Lower middle income","Combined",0.35,35,"BD",-0.7402849,0.46403643488884,58.07,68.975,5784.26963585653,49.375,163046173,58.07,35
"BGR",2019,"Bulgaria","Europe & Central Asia","Upper middle income","Combined",0.298,29.799999999999997,"BG",0.2633897,0.613898158073425,82.3233333333334,60.675,24497.6272661983,90.625,6975761,82.3233333333334,29.799999999999997
"BHR",2019,"Bahrain","Middle East & North Africa","High income","Combined",0.173,17.299999999999997,"BH",0.2984906,0.652472019195557,54.4666666666667,41.6,47224.2371307608,46.25,1641164,54.4666666666667,17.299999999999997
"BHS",2019,"Bahamas, The","Latin America & Caribbean","High income","Combined",0.113,11.3,"BS",0.4858155,NA,50.1241666666667,35.8375,38063.8160382665,81.25,389486,50.1241666666667,11.3
"BIH",2019,"Bosnia and Herzegovina","Europe & Central Asia","Upper middle income","Combined",0.268,26.8,"BA",-0.6344742,0.57968407869339,61.2375,58.1375,15711.2377020718,85,3300998,61.2375,26.8
"BLR",2019,"Belarus","Europe & Central Asia","Upper middle income","Combined",0.344,34.4,"BY",-0.1843532,0.700078189373016,77.1345833333334,67.88125,20092.8803713875,75.625,9419758,77.1345833333334,34.4
"BLZ",2019,"Belize","Latin America & Caribbean","Upper middle income","Combined",0.298,29.799999999999997,"BZ",-0.6776266,NA,58.7554166666667,55.76875,7454.53238806964,79.375,390351,58.7554166666667,29.799999999999997
"BOL",2019,"Bolivia","Latin America & Caribbean","Lower middle income","Combined",0.339,33.900000000000006,"BO",-0.6993221,NA,62.65625,70.38125,9092.68704420881,88.75,11513102,62.65625,33.900000000000006
"BRA",2019,"Brazil","Latin America & Caribbean","Upper middle income","Combined",0.333,33.300000000000004,"BR",-0.1869027,0.551497936248779,76.75375,73.09375,15358.0894882281,81.875,211049519,76.75375,33.300000000000004
"BTN",2019,"Bhutan","South Asia","Lower middle income","Combined",0.196,19.6,"BT",0.3124391,0.475297033786774,51.99125,67.78125,12365.5138425313,71.875,763094,51.99125,19.6
"BWA",2019,"Botswana","Sub-Saharan Africa","Upper middle income","Combined",0.2,20,"BW",0.4282575,0.414028495550156,57.3491666666667,65.3875,17096.7877781589,63.75,2303703,57.3491666666667,20
"CAN",2019,"Canada","North America","High income","Combined",0.222,22.2,"CA",1.731293,0.797520101070404,87.4658333333333,60.0125,49299.21177121,100,37601230,87.4658333333333,22.2
"CHE",2019,"Switzerland","Europe & Central Asia","High income","Combined",0.293,29.299999999999997,"CH",1.951758,0.756115138530731,87.015,76.55,72033.9294404588,85.625,8575280,87.015,29.299999999999997
"CHL",2019,"Chile","Latin America & Caribbean","High income","Combined",0.359,35.9,"CL",1.060289,0.651604175567627,82.4370833333333,80.69375,25322.7110553656,77.5,18952035,82.4370833333333,35.9
"CHN",2019,"China","East Asia & Pacific","Upper middle income","Combined",0.148,14.799999999999999,"CN",0.5170006,0.65310263633728,58.2183333333333,59.675,16652.0988008531,75.625,1407745000,58.2183333333333,14.799999999999999
"CIV",2019,"Cote d'Ivoire","Sub-Saharan Africa","Lower middle income","Combined",0.367,36.7,"CI",-0.4827835,0.379889339208603,56.1083333333333,68.475,5432.54772724009,83.125,25716554,56.1083333333333,36.7
"CMR",2019,"Cameroon","Sub-Saharan Africa","Lower middle income","Combined",0.316,31.6,"CM",-0.8121258,0.397401511669159,53.4766666666667,64.525,3900.82251468746,60,25876387,53.4766666666667,31.6
"COD",2019,"Congo, Dem. Rep.","Sub-Saharan Africa","Low income","Combined",0.268,26.8,"CD",-1.62692,0.366369277238846,33.7533333333333,44.325,1144.28732084886,78.75,86790568,33.7533333333333,26.8
"COG",2019,"Congo, Rep.","Sub-Saharan Africa","Lower middle income","Combined",0.236,23.599999999999998,"CG",-1.387316,0.41926571726799,36.5766666666667,47.8,3987.16364226633,49.375,5380504,36.5766666666667,23.599999999999998
"COL",2019,"Colombia","Latin America & Caribbean","Upper middle income","Combined",0.39,39,"CO",0.0707119,0.60433030128479,73.7654166666667,83.11875,15673.0943538636,81.875,50339443,73.7654166666667,39
"CPV",2019,"Cabo Verde","Sub-Saharan Africa","Lower middle income","Combined",0.271,27.1,"CV",0.292097,NA,54.66875,59.59375,7474.51041918796,86.25,549936,54.66875,27.1
"CRI",2019,"Costa Rica","Latin America & Caribbean","Upper middle income","Combined",0.414,41.4,"CR",0.4225595,0.628635048866272,79.7779166666667,75.95625,22632.4420697427,83.125,5047561,79.7779166666667,41.4
"CYP",2019,"Cyprus","Europe & Central Asia","High income","Combined",0.276,27.6,"CY",0.9921815,0.755520224571228,80.78125,53.33125,42338.87890625,91.25,1198574,80.78125,27.6
"CZE",2019,"Czech Republic","Europe & Central Asia","High income","Combined",0.293,29.299999999999997,"CZ",0.9553274,0.752257406711578,85.0608333333333,74.5875,42847.0047376207,93.75,10671870,85.0608333333333,29.299999999999997
"DEU",2019,"Germany","Europe & Central Asia","High income","Combined",0.281,28.1,"DE",1.531162,0.751162469387054,87.4979166666667,71.10625,55652.8874913932,97.5,83092962,87.4979166666667,28.1
"DJI",2019,"Djibouti","Middle East & North Africa","Lower middle income","Combined",0.13,13,"DJ",-0.7134089,NA,36.60625,41.60625,5482.01213557167,68.125,973557,36.60625,13
"DNK",2019,"Denmark","Europe & Central Asia","High income","Combined",0.31,31,"DK",1.910211,0.755094826221466,86.1170833333333,68.01875,58700.9746656312,100,5814422,86.1170833333333,31
"DOM",2019,"Dominican Republic","Latin America & Caribbean","Upper middle income","Combined",0.368,36.8,"DO",-0.358091,0.502766907215118,63.9395833333333,59.95625,19190.0088838377,86.25,10738957,63.9395833333333,36.8
"DZA",2019,"Algeria","Middle East & North Africa","Lower middle income","Combined",0.211,21.099999999999998,"DZ",-0.5163999,0.534556448459625,55.1491666666667,57.3625,12008.264830338,57.5,43053054,55.1491666666667,21.099999999999998
"ECU",2019,"Ecuador","Latin America & Caribbean","Upper middle income","Combined",0.345,34.5,"EC",-0.3996101,0.594254851341248,72.95,76.425,11850.4949503501,89.375,17373657,72.95,34.5
"EGY",2019,"Egypt, Arab Rep.","Middle East & North Africa","Lower middle income","Combined",0.298,29.799999999999997,"EG",-0.4244061,0.494374662637711,74.0708333333333,72.6375,12259.716567935,45,100388076,74.0708333333333,29.799999999999997
"ESP",2019,"Spain","Europe & Central Asia","High income","Combined",0.31,31,"ES",1.001175,0.728255033493042,88.8541666666667,75.5375,41695.1469476327,97.5,47134837,88.8541666666667,31
"EST",2019,"Estonia","Europe & Central Asia","High income","Combined",0.263,26.3,"EE",1.174428,0.77720320224762,86.07375,67.49375,37851.3007726135,97.5,1326855,86.07375,26.3
"ETH",2019,"Ethiopia","Sub-Saharan Africa","Low income","Combined",0.316,31.6,"ET",-0.6343808,0.382784843444824,53.5991666666667,71.4125,2315.15813781318,71.875,112078727,53.5991666666667,31.6
"FIN",2019,"Finland","Europe & Central Asia","High income","Combined",0.339,33.900000000000006,"FI",2.006594,0.796001017093658,88.4775,75.2375,50321.5396907229,97.5,5521606,88.4775,33.900000000000006
"FJI",2019,"Fiji","East Asia & Pacific","Upper middle income","Combined",0.268,26.8,"FJ",0.1996178,0.508573293685913,57.6008333333333,52.9375,14261.8316137323,79.375,889955,57.6008333333333,26.8
"FRA",2019,"France","Europe & Central Asia","High income","Combined",0.322,32.2,"FR",1.37214,0.762737214565277,86.3483333333333,74.3,49072.3638300842,100,67248926,86.3483333333333,32.2
"FSM",2019,"Micronesia, Fed. Sts.","East Asia & Pacific","Lower middle income","Combined",0.115,11.5,"FM",-0.1926782,0.505966544151306,23.8195833333333,41.68125,3611.36394944075,61.25,113811,23.8195833333333,11.5
"GAB",2019,"Gabon","Sub-Saharan Africa","Upper middle income","Combined",0.115,11.5,"GA",-0.897824,0.457612454891205,28.0545833333333,41.55625,15576.6431585415,57.5,2172578,28.0545833333333,11.5
"GBR",2019,"United Kingdom","Europe & Central Asia","High income","Combined",0.298,29.799999999999997,"GB",1.482738,0.782942950725555,83.1533333333333,74.025,49041.4635475451,97.5,66836327,83.1533333333333,29.799999999999997
"GEO",2019,"Georgia","Europe & Central Asia","Upper middle income","Combined",0.356,35.6,"GE",0.8287399,0.568925797939301,80.0604166666667,73.71875,15621.8736565619,85.625,3720161,80.0604166666667,35.6
"GHA",2019,"Ghana","Sub-Saharan Africa","Lower middle income","Combined",0.344,34.4,"GH",-0.2106433,0.450056403875351,61.9958333333333,65.1125,5773.860981728,75,30417858,61.9958333333333,34.4
"GIN",2019,"Guinea","Sub-Saharan Africa","Low income","Combined",0.298,29.799999999999997,"GN",-0.7789667,0.37094247341156,45.8754166666667,57.06875,2674.63359857176,73.75,12771246,45.8754166666667,29.799999999999997
"GMB",2019,"Gambia, The","Sub-Saharan Africa","Low income","Combined",0.345,34.5,"GM",-0.6311047,0.421570628881455,44.01875,64.91875,2320.30583683104,69.375,2347696,44.01875,34.5
"GNB",2019,"Guinea-Bissau","Sub-Saharan Africa","Low income","Combined",0.263,26.3,"GW",-1.515093,NA,33.4025,41.9875,2021.13642844877,42.5,1920917,33.4025,26.3
"GRC",2019,"Greece","Europe & Central Asia","High income","Combined",0.31,31,"GR",0.3490244,0.690006494522095,85.3608333333333,68.5375,30356.2663953863,97.5,10721582,85.3608333333333,31
"GTM",2019,"Guatemala","Latin America & Caribbean","Upper middle income","Combined",0.4,40,"GT",-0.6769783,0.461270093917847,61.0329166666667,73.93125,9018.51752035111,70.625,16604026,61.0329166666667,40
"GUY",2019,"Guyana","Latin America & Caribbean","Upper middle income","Combined",0.246,24.6,"GY",-0.3868118,0.495226472616196,41.4895833333333,46.13125,13634.309590679,86.875,782775,41.4895833333333,24.6
"HND",2019,"Honduras","Latin America & Caribbean","Lower middle income","Combined",0.259,25.900000000000002,"HN",-0.6119988,0.481023132801056,61.17625,66.85625,5978.27482780381,75,9746115,61.17625,25.900000000000002
"HRV",2019,"Croatia","Europe & Central Asia","High income","Combined",0.281,28.1,"HR",0.4592125,0.709693968296051,68.3841666666667,57.2875,30543.9337537029,93.75,4065253,68.3841666666667,28.1
"HTI",2019,"Haiti","Latin America & Caribbean","Lower middle income","Combined",0.304,30.4,"HT",-2.01491,0.446564912796021,37.51625,51.23125,3203.03773662951,61.25,11263079,37.51625,30.4
"HUN",2019,"Hungary","Europe & Central Asia","High income","Combined",0.276,27.6,"HU",0.4960532,0.683087289333344,84.8341666666667,69.0375,33514.9417935891,96.875,9771141,84.8341666666667,27.6
"IDN",2019,"Indonesia","East Asia & Pacific","Lower middle income","Combined",0.293,29.299999999999997,"ID",0.1820512,0.540038466453552,72.2025,74.8875,12310.6273684591,64.375,270625567,72.2025,29.299999999999997
"IND",2019,"India","South Asia","Lower middle income","Combined",0.293,29.299999999999997,"IN",0.1708809,0.493510901927948,70.3670833333333,59.99375,6971.68727647826,71.875,1366417756,70.3670833333333,29.299999999999997
"IRL",2019,"Ireland","Europe & Central Asia","High income","Combined",0.263,26.3,"IE",1.291792,0.792599022388458,87.0375,74.1125,87379.6929656668,97.5,4934340,87.0375,26.3
"IRN",2019,"Iran, Islamic Rep.","Middle East & North Africa","Lower middle income","Combined",0.214,21.4,"IR",-0.5537257,0.593404471874237,56.6883333333333,51.625,15532.5163612799,31.25,82913893,56.6883333333333,21.4
"IRQ",2019,"Iraq","Middle East & North Africa","Upper middle income","Combined",0.268,26.8,"IQ",-1.336643,0.407643288373947,34.8016666666667,61.95,11349.4021516555,45,39309789,34.8016666666667,26.8
"ISL",2019,"Iceland","Europe & Central Asia","High income","Combined",0.246,24.6,"IS",1.51794,0.745281875133514,77.8333333333333,59.7,58290.0968315122,100,360563,77.8333333333333,24.6
"ISR",2019,"Israel","Middle East & North Africa","High income","Combined",0.254,25.4,"IL",1.325325,0.733995318412781,78.1358333333333,58.4625,40004.0305112173,80.625,9054000,78.1358333333333,25.4
"ITA",2019,"Italy","Europe & Central Asia","High income","Combined",0.305,30.5,"IT",0.4831744,0.727819681167603,89.7958333333333,75.2875,44376.1625028912,97.5,59729081,89.7958333333333,30.5
"JAM",2019,"Jamaica","Latin America & Caribbean","Upper middle income","Combined",0.228,22.8,"JM",0.4939841,0.534977912902832,54.6429166666667,52.88125,10189.6402034705,68.125,2948277,54.6429166666667,22.8
"JOR",2019,"Jordan","Middle East & North Africa","Upper middle income","Combined",0.356,35.6,"JO",0.098672,0.553174376487732,62.0104166666667,71.29375,10496.4383481098,40.625,10101697,62.0104166666667,35.6
"JPN",2019,"Japan","East Asia & Pacific","High income","Combined",0.245,24.5,"JP",1.586322,0.804714262485504,85.8091666666667,73.5125,42282.5508939691,78.75,126633000,85.8091666666667,24.5
"KAZ",2019,"Kazakhstan","Europe & Central Asia","Upper middle income","Combined",0.339,33.900000000000006,"KZ",0.1240962,0.628506422042847,78.5591666666667,78.3125,27463.9715463979,69.375,18513673,78.5591666666667,33.900000000000006
"KEN",2019,"Kenya","Sub-Saharan Africa","Lower middle income","Combined",0.25,25,"KE",-0.3833902,0.546752512454987,54.5379166666667,61.43125,4647.40976061869,80.625,52573967,54.5379166666667,25
"KGZ",2019,"Kyrgyz Republic","Europe & Central Asia","Lower middle income","Combined",0.344,34.4,"KG",-0.6816202,0.596617102622986,78.6325,73.6375,5480.29390725587,76.875,6456200,78.6325,34.4
"KHM",2019,"Cambodia","East Asia & Pacific","Lower middle income","Combined",0.241,24.099999999999998,"KH",-0.58005,0.491589874029159,56.2025,60.4375,4574.02845195435,75,16486542,56.2025,24.099999999999998
"KIR",2019,"Kiribati","East Asia & Pacific","Lower middle income","Combined",0.263,26.3,"KI",-0.2388186,0.492592930793762,24.4975,46.1875,2191.52908878037,76.25,117608,24.4975,26.3
"KOR",2019,"Korea, Rep.","East Asia & Pacific","High income","Combined",0.281,28.1,"KR",1.376088,0.798776268959045,88.28375,75.61875,42998.3882447659,85,51764822,88.28375,28.1
"KWT",2019,"Kuwait","Middle East & North Africa","High income","Combined",0.164,16.400000000000002,"KW",0.0182124,0.562588036060333,64.2229166666667,51.65625,52054.7125833973,26.25,4207077,64.2229166666667,16.400000000000002
"LAO",2019,"Lao PDR","East Asia & Pacific","Lower middle income","Combined",0.377,37.7,"LA",-0.7853428,0.456665337085724,54.1120833333333,53.39375,8219.50576337755,88.125,7169456,54.1120833333333,37.7
"LBN",2019,"Lebanon","Middle East & North Africa","Lower middle income","Combined",0.232,23.200000000000003,"LB",-0.8334518,0.515125513076782,51.8704166666667,57.39375,15105.0592123976,52.5,6855709,51.8704166666667,23.200000000000003
"LBR",2019,"Liberia","Sub-Saharan Africa","Low income","Combined",0.185,18.5,"LR",-1.374943,0.319014221429825,49.4283333333333,56.825,1531.79474454235,81.25,4937374,49.4283333333333,18.5
"LBY",2019,"Libya","Middle East & North Africa","Upper middle income","Combined",0.078,7.8,"LY",-1.922291,NA,21.4075,35.6125,22764.4780468399,50,6777453,21.4075,7.8
"LCA",2019,"St. Lucia","Latin America & Caribbean","Upper middle income","Combined",0.185,18.5,"LC",0.2226826,0.602564752101898,50.8841666666667,45.9875,15842.4186529086,83.75,182795,50.8841666666667,18.5
"LKA",2019,"Sri Lanka","South Asia","Lower middle income","Combined",0.339,33.900000000000006,"LK",-0.1143393,0.598324298858643,72.5829166666667,70.45625,13631.5551961271,65.625,21803000,72.5829166666667,33.900000000000006
"LSO",2019,"Lesotho","Sub-Saharan Africa","Lower middle income","Combined",0.263,26.3,"LS",-0.8326482,0.400392591953278,55.2254166666667,53.19375,2768.21613596146,78.125,2125267,55.2254166666667,26.3
"LTU",2019,"Lithuania","Europe & Central Asia","High income","Combined",0.356,35.6,"LT",1.043069,0.70604795217514,84.93375,60.96875,38540.7814542339,93.75,2794137,84.93375,35.6
"LUX",2019,"Luxembourg","Europe & Central Asia","High income","Combined",0.214,21.4,"LU",1.733296,0.686146140098572,78.20125,61.28125,117341.915064354,100,620001,78.20125,21.4
"LVA",2019,"Latvia","Europe & Central Asia","High income","Combined",0.298,29.799999999999997,"LV",1.104713,0.70658141374588,83.7191666666667,61.3875,31883.2591148032,100,1913822,83.7191666666667,29.799999999999997
"MAR",2019,"Morocco","Middle East & North Africa","Lower middle income","Combined",0.273,27.3,"MA",-0.1194802,0.504116356372833,59.01625,68.15625,7865.26220703125,75.625,36471766,59.01625,27.3
"MDA",2019,"Moldova","Europe & Central Asia","Upper middle income","Combined",0.268,26.8,"MD",-0.3837529,0.584153532981873,79.3225,53.5625,13576.2947361716,87.5,2664974,79.3225,26.8
"MDG",2019,"Madagascar","Sub-Saharan Africa","Low income","Combined",0.317,31.7,"MG",-1.142615,0.391991019248962,51.9804166666667,62.59375,1686.84206380579,69.375,26969306,51.9804166666667,31.7
"MDV",2019,"Maldives","South Asia","Upper middle income","Combined",0.345,34.5,"MV",-0.1961802,NA,52.8975,65.4875,20333.9241518872,73.75,530957,52.8975,34.5
"MEX",2019,"Mexico","Latin America & Caribbean","Upper middle income","Combined",0.385,38.5,"MX",-0.156787,0.612949848175049,87.5070833333333,89.31875,19862.5631976218,88.75,127575529,87.5070833333333,38.5
"MHL",2019,"Marshall Islands","East Asia & Pacific","Upper middle income","Combined",0.132,13.200000000000001,"MH",-1.471939,0.42339813709259,20.8604166666667,38.71875,4218.93663937112,56.25,58791,20.8604166666667,13.200000000000001
"MKD",2019,"North Macedonia","Europe & Central Asia","Upper middle income","Combined",0.35,35,"MK",-0.002664,0.55734920501709,72.03875,51.14375,17546.4169226029,85,2076694,72.03875,35
"MLI",2019,"Mali","Sub-Saharan Africa","Low income","Combined",0.387,38.7,"ML",-1.056115,0.318269580602646,51.9279166666667,64.23125,2419.68868873067,60.625,19658023,51.9279166666667,38.7
"MLT",2019,"Malta","Middle East & North Africa","High income","Combined",0.286,28.599999999999998,"MT",0.8581186,0.709248304367065,74.6183333333333,45.5,47407.8807867595,88.75,504062,74.6183333333333,28.599999999999998
"MMR",2019,"Myanmar","East Asia & Pacific","Lower middle income","Combined",0.413,41.3,"MM",-1.14944,0.477652013301849,63.7629166666667,73.80625,4939.74797461473,58.75,54045422,63.7629166666667,41.3
"MNE",2019,"Montenegro","Europe & Central Asia","Upper middle income","Combined",0.345,34.5,"ME",0.1554429,0.633181810379028,67.0191666666667,67.1125,23072.5827371011,78.75,622028,67.0191666666667,34.5
"MNG",2019,"Mongolia","East Asia & Pacific","Lower middle income","Combined",0.373,37.3,"MN",-0.1954342,0.614397525787354,76.2833333333333,77.475,13013.047241843,85,3225166,76.2833333333333,37.3
"MOZ",2019,"Mozambique","Sub-Saharan Africa","Low income","Combined",0.321,32.1,"MZ",-0.8230483,0.362116664648056,56.2404166666667,67.39375,1335.87701365861,82.5,30366043,56.2404166666667,32.1
"MRT",2019,"Mauritania","Sub-Saharan Africa","Lower middle income","Combined",0.214,21.4,"MR",-0.4983791,0.381546080112457,48.06875,47.79375,5569.53916316759,48.125,4525698,48.06875,21.4
"MUS",2019,"Mauritius","Sub-Saharan Africa","Upper middle income","Combined",0.304,30.4,"MU",0.8703991,0.62185925245285,75.91375,56.99375,23834.9650016217,89.375,1265711,75.91375,30.4
"MWI",2019,"Malawi","Sub-Saharan Africa","Low income","Combined",0.309,30.9,"MW",-0.7496988,0.413240641355515,56.4904166666667,66.54375,1602.01559022436,77.5,18628749,56.4904166666667,30.9
"MYS",2019,"Malaysia","East Asia & Pacific","Upper middle income","Combined",0.259,25.900000000000002,"MY",0.9974676,0.610976159572601,71.0504166666667,73.01875,29620.9786550876,50,31949789,71.0504166666667,25.900000000000002
"NAM",2019,"Namibia","Sub-Saharan Africa","Upper middle income","Combined",0.232,23.200000000000003,"NA",0.0959153,0.446437537670136,52.2141666666667,65.4625,10223.2125267306,86.25,2494524,52.2141666666667,23.200000000000003
"NER",2019,"Niger","Sub-Saharan Africa","Low income","Combined",0.293,29.299999999999997,"NE",-0.8012532,0.31568518280983,57.0158333333333,60.8375,1276.04938545306,56.875,23310719,57.0158333333333,29.299999999999997
"NGA",2019,"Nigeria","Sub-Saharan Africa","Lower middle income","Combined",0.39,39,"NG",-1.088863,0.360609829425812,53.5754166666667,54.84375,5352.24111872368,63.125,200963603,53.5754166666667,39
"NIC",2019,"Nicaragua","Latin America & Caribbean","Lower middle income","Combined",0.189,18.9,"NI",-0.7708514,0.508098244667053,51.6579166666667,45.38125,5675.56431553095,86.25,6545503,51.6579166666667,18.9
"NLD",2019,"Netherlands","Europe & Central Asia","High income","Combined",0.322,32.2,"NL",1.803272,0.789915025234222,87.9558333333333,71.3625,59004.3249664016,97.5,17344874,87.9558333333333,32.2
"NOR",2019,"Norway","Europe & Central Asia","High income","Combined",0.263,26.3,"NO",1.861935,0.771051168441772,90.09375,77.56875,66799.1647159421,96.875,5347896,90.09375,26.3
"NPL",2019,"Nepal","South Asia","Lower middle income","Combined",0.356,35.6,"NP",-1.045521,0.504601776599884,53.5658333333333,68.0375,4119.58497949612,80.625,28608715,53.5658333333333,35.6
"NZL",2019,"New Zealand","East Asia & Pacific","High income","Combined",0.268,26.8,"NZ",1.670557,0.775932431221008,85.26375,71.51875,45554.809398512,94.375,4979200,85.26375,26.8
"OMN",2019,"Oman","Middle East & North Africa","High income","Combined",0.218,21.8,"OM",0.2590411,0.608116269111633,58.53625,44.05625,32604.3454423288,35.625,4974992,58.53625,21.8
"PAK",2019,"Pakistan","South Asia","Lower middle income","Combined",0.387,38.7,"PK",-0.6771356,0.406070023775101,60.6754166666667,73.29375,5542.20885070709,52.5,216565317,60.6754166666667,38.7
"PAN",2019,"Panama","Latin America & Caribbean","High income","Combined",0.317,31.7,"PA",0.0645118,0.501601994037628,59.5845833333333,65.20625,32767.1869680409,79.375,4246440,59.5845833333333,31.7
"PER",2019,"Peru","Latin America & Caribbean","Upper middle income","Combined",0.379,37.9,"PE",-0.0678705,0.6051926612854,68.84625,77.33125,13401.0066899329,95,32510462,68.84625,37.9
"PHL",2019,"Philippines","East Asia & Pacific","Lower middle income","Combined",0.345,34.5,"PH",0.0520084,0.51596212387085,75.7233333333333,75.175,9290.96606183451,78.75,108116622,75.7233333333333,34.5
"PNG",2019,"Papua New Guinea","East Asia & Pacific","Lower middle income","Combined",0.245,24.5,"PG",-0.8091748,0.429185003042221,40.84625,50.68125,4473.7772503761,60,8776119,40.84625,24.5
"POL",2019,"Poland","Europe & Central Asia","High income","Combined",0.25,25,"PL",0.534801,0.753088593482971,89.0708333333333,70.5375,33797.7673600747,93.75,37965475,89.0708333333333,25
"PRT",2019,"Portugal","Europe & Central Asia","High income","Combined",0.263,26.3,"PT",1.168682,0.768949568271637,85.5191666666667,71.0375,36172.0725393171,97.5,10286263,85.5191666666667,26.3
"PRY",2019,"Paraguay","Latin America & Caribbean","Upper middle income","Combined",0.345,34.5,"PY",-0.5343443,0.528180062770844,61.05625,76.43125,13147.961860876,94.375,7044639,61.05625,34.5
"PSE",2019,"West Bank and Gaza","Middle East & North Africa","Lower middle income","Combined",0.288,28.799999999999997,"PS",-0.7442973,0.579996645450592,70.4295833333333,55.68125,6509.03529929429,26.25,4685306,70.4295833333333,28.799999999999997
"QAT",2019,"Qatar","Middle East & North Africa","High income","Combined",0.2,20,"QA",0.7049138,0.637771606445313,63.0116666666667,47.325,93844.0606297563,29.375,2832071,63.0116666666667,20
"ROU",2019,"Romania","Europe & Central Asia","High income","Combined",0.293,29.299999999999997,"RO",-0.1621793,0.584187865257263,77.5079166666667,56.73125,31867.2631876811,90.625,19371648,77.5079166666667,29.299999999999997
"RUS",2019,"Russian Federation","Europe & Central Asia","Upper middle income","Combined",0.207,20.7,"RU",0.1501806,0.681419610977173,78.1904166666667,58.51875,30067.740234375,73.125,144406261,78.1904166666667,20.7
"RWA",2019,"Rwanda","Sub-Saharan Africa","Low income","Combined",0.361,36.1,"RW",0.1845681,0.379552751779556,67.2920833333333,69.61875,2321.52695260663,81.25,12626938,67.2920833333333,36.1
"SAU",2019,"Saudi Arabia","Middle East & North Africa","High income","Combined",0.161,16.1,"SA",0.306174,0.576390504837036,63.3854166666667,47.21875,48983.5512604229,70.625,34268529,63.3854166666667,16.1
"SDN",2019,"Sudan","Sub-Saharan Africa","Low income","Combined",0.167,16.7,"SD",-1.622059,0.377445191144943,39.16125,55.65625,4349.7099609375,29.375,42813237,39.16125,16.7
"SEN",2019,"Senegal","Sub-Saharan Africa","Lower middle income","Combined",0.371,37.1,"SN",-0.0581013,0.420110791921616,63.57375,66.91875,3510.41840215222,63.75,16296362,63.57375,37.1
"SGP",2019,"Singapore","East Asia & Pacific","High income","Combined",0.228,22.8,"SG",2.220709,0.879125714302063,75.0991666666667,42.1625,102431.315672936,82.5,5703569,75.0991666666667,22.8
"SLB",2019,"Solomon Islands","East Asia & Pacific","Lower middle income","Combined",0.204,20.4,"SB",-0.9993162,0.419872611761093,41.6645833333333,47.45625,2772.8008329065,56.875,669821,41.6645833333333,20.4
"SLE",2019,"Sierra Leone","Sub-Saharan Africa","Low income","Combined",0.345,34.5,"SL",-1.126064,0.36270210146904,52.7783333333333,62.05,1777.15835825302,63.125,7813207,52.7783333333333,34.5
"SLV",2019,"El Salvador","Latin America & Caribbean","Lower middle income","Combined",0.367,36.7,"SV",-0.4654183,0.546176612377167,68.8033333333333,69.15,9146.51204255841,88.75,6453550,68.8033333333333,36.7
"SOM",2019,"Somalia","Sub-Saharan Africa","Low income","Combined",0.137,13.700000000000001,"SO",-2.2364289999999998,NA,19.6179166666667,45.45625,1236.52454393809,46.875,15442906,19.6179166666667,13.700000000000001
"SRB",2019,"Serbia","Europe & Central Asia","Upper middle income","Combined",0.441,44.1,"RS",0.0484762,0.676606357097626,75.7929166666667,68.43125,18822.3607718475,93.75,6945235,75.7929166666667,44.1
"SSD",2019,"South Sudan","Sub-Saharan Africa","Low income","Combined",0.135,13.5,"SS",-2.451946,0.306520849466324,30.4891666666667,45.7875,NA,67.5,11062114,30.4891666666667,13.5
"STP",2019,"Sao Tome and Principe","Sub-Saharan Africa","Lower middle income","Combined",0.226,22.6,"ST",-0.6277019,NA,39.8708333333333,42.9375,4174.38542477362,83.125,215048,39.8708333333333,22.6
"SUR",2019,"Suriname","Latin America & Caribbean","Upper middle income","Combined",0.339,33.900000000000006,"SR",-0.5902826,NA,50.8029166666667,46.63125,19840.1830592218,68.75,581363,50.8029166666667,33.900000000000006
"SVK",2019,"Slovak Republic","Europe & Central Asia","High income","Combined",0.281,28.1,"SK",0.5852264,0.664987325668335,85.595,69.95,31966.5548434084,94.375,5454147,85.595,28.1
"SVN",2019,"Slovenia","Europe & Central Asia","High income","Combined",0.288,28.799999999999997,"SI",1.081091,0.774986982345581,88.93125,76.28125,40670.8778673103,93.75,2088385,88.93125,28.799999999999997
"SWE",2019,"Sweden","Europe & Central Asia","High income","Combined",0.328,32.800000000000004,"SE",1.709257,0.79535710811615,88.5241666666667,75.2375,54598.7803541484,100,10278887,88.5241666666667,32.800000000000004
"SWZ",2019,"Eswatini","Sub-Saharan Africa","Lower middle income","Combined",0.196,19.6,"SZ",-0.6789486,0.37250080704689,47.1870833333333,63.69375,9018.11577288047,46.25,1148133,47.1870833333333,19.6
"SYC",2019,"Seychelles","Sub-Saharan Africa","High income","Combined",0.173,17.299999999999997,"SC",0.516902,0.632779061794281,48.6341666666667,52.8375,30605.3796418904,76.25,97625,48.6341666666667,17.299999999999997
"SYR",2019,"Syrian Arab Republic","Middle East & North Africa","Low income","Combined",0.077,7.7,"SY",-1.711438,NA,26.45375,38.09375,NA,40,17070132,26.45375,7.7
"TCD",2019,"Chad","Sub-Saharan Africa","Low income","Combined",0.328,32.800000000000004,"TD",-1.568414,0.299782782793045,38.5433333333333,52.35,1646.29357270445,66.25,15946882,38.5433333333333,32.800000000000004
"TGO",2019,"Togo","Sub-Saharan Africa","Low income","Combined",0.377,37.7,"TG",-0.9173684,0.431868046522141,60.8804166666667,68.54375,2211.45383473457,84.375,8082359,60.8804166666667,37.7
"THA",2019,"Thailand","East Asia & Pacific","Upper middle income","Combined",0.322,32.2,"TH",0.3565671,0.609310984611511,76.1108333333333,76.2375,19216.8429352424,78.125,69625581,76.1108333333333,32.2
"TJK",2019,"Tajikistan","Europe & Central Asia","Lower middle income","Combined",0.255,25.5,"TJ",-1.048751,0.504116356372833,55.7604166666667,65.49375,3732.56109378002,78.75,9321023,55.7604166666667,25.5
"TKM",2019,"Turkmenistan","Europe & Central Asia","Upper middle income","Combined",0.2,20,"TM",-1.157497,NA,23.4708333333333,41.7875,16194.2126155691,NA,5942094,23.4708333333333,20
"TLS",2019,"Timor-Leste","East Asia & Pacific","Lower middle income","Combined",0.304,30.4,"TL",-0.8858545,0.454314529895783,51.0420833333334,59.26875,3779.73541654277,86.25,1293120,51.0420833333334,30.4
"TTO",2019,"Trinidad and Tobago","Latin America & Caribbean","High income","Combined",0.218,21.8,"TT",0.0991704,0.603487730026245,42.05,40.225,27959.5290762878,75,1394969,42.05,21.8
"TUN",2019,"Tunisia","Middle East & North Africa","Lower middle income","Combined",0.255,25.5,"TN",-0.1029492,0.516809940338135,64.0675,64.8625,11902.8620118831,64.375,11694721,64.0675,25.5
"TUR",2019,"Turkiye","Europe & Central Asia","Upper middle income","Combined",0.317,31.7,"TR",NA,NA,84.6379166666667,86.08125,26867.470307977,82.5,83429607,84.6379166666667,31.7
"TZA",2019,"Tanzania","Sub-Saharan Africa","Lower middle income","Combined",0.345,34.5,"TZ",-0.8793442,0.389834702014923,58.07125,68.78125,2772.92846679688,81.25,58005461,58.07125,34.5
"UGA",2019,"Uganda","Sub-Saharan Africa","Low income","Combined",0.419,41.9,"UG",-0.5854658,0.384176582098007,67.5708333333333,74.7875,2275.02815035804,73.125,44269587,67.5708333333333,41.9
"UKR",2019,"Ukraine","Europe & Central Asia","Lower middle income","Combined",0.255,25.5,"UA",-0.297047,0.631387114524841,72.4841666666667,67.3375,13345.3828125,79.375,44386203,72.4841666666667,25.5
"URY",2019,"Uruguay","Latin America & Caribbean","High income","Combined",0.298,29.799999999999997,"UY",0.6949803,0.59876024723053,66.8254166666667,65.99375,24004.8211424487,88.75,3461731,66.8254166666667,29.799999999999997
"USA",2019,"United States","North America","High income","Combined",0.316,31.6,"US",1.488845,0.701764345169067,88.92375,63.11875,65094.7994287929,91.25,328329953,88.92375,31.6
"UZB",2019,"Uzbekistan","Europe & Central Asia","Lower middle income","Combined",0.218,21.8,"UZ",-0.5141267,0.622805714607239,54.91,50.125,7658.27240973787,67.5,33580350,54.91,21.8
"VCT",2019,"St. Vincent and the Grenadines","Latin America & Caribbean","Upper middle income","Combined",0.151,15.1,"VC",0.2226826,0.533341825008392,43.93125,41.78125,14030.7655542212,68.125,110593,43.93125,15.1
"VEN",2019,"Venezuela, RB","Latin America & Caribbean","Not classified","Combined",0.151,15.1,"VE",-1.658469,NA,43.865,52.075,NA,85,28515829,43.865,15.1
"VNM",2019,"Vietnam","East Asia & Pacific","Lower middle income","Combined",0.291,29.099999999999998,"VN",0.0383097,0.689964532852173,65.95875,55.06875,10561.9712758892,78.75,96462108,65.95875,29.099999999999998
"VUT",2019,"Vanuatu","East Asia & Pacific","Lower middle income","Combined",0.115,11.5,"VU",-0.5476381,0.454658538103104,40.6916666666667,45.725,3248.12921682177,55.625,299882,40.6916666666667,11.5
"WSM",2019,"Samoa","East Asia & Pacific","Lower middle income","Combined",0.204,20.4,"WS",0.4351541,0.54842168092727706,57.0470833333333,50.41875,6907.56370767949,75,197093,57.0470833333333,20.4
"YEM",2019,"Yemen, Rep.","Middle East & North Africa","Low income","Combined",0.151,15.1,"YE",-2.279256,0.372784405946732,36.77125,37.90625,NA,26.875,29161922,36.77125,15.1
"ZAF",2019,"South Africa","Sub-Saharan Africa","Upper middle income","Combined",0.393,39.300000000000004,"ZA",0.3676561,0.425453394651413,73.475,75.075,14288.589885661,88.125,58558267,73.475,39.300000000000004
"ZMB",2019,"Zambia","Sub-Saharan Africa","Low income","Combined",0.361,36.1,"ZM",-0.6755785,0.396927535533905,59.0141666666667,70.4625,3616.90381935018,81.25,17861034,59.0141666666667,36.1
"ZWE",2019,"Zimbabwe","Sub-Saharan Africa","Lower middle income","Combined",0.344,34.4,"ZW",-1.20482,0.46689310669899,61.6525,70.2375,3783.23808165652,86.875,14645473,61.6525,34.4
